,Theaters,Country,Genre,Rated,Runtime,Language,imdbRating,Actorinfluenceaverage,if_actorinfluence,Average Gross for each movie,if_average_gross,googletrends,Total Gross
1,-0.46808883209540547,1.5149804897133048,-0.23986588851846263,-2.6864802042256204,-0.8892466300603078,1.8650374127778608,1.0469641423807643,-0.5854155129917965,-0.72762548469441,-0.3051826850103768,-0.43879989268936337,0.9384089725492074,-0.25895650727491765
3,-0.5681786578397319,-0.34878217496510744,-0.23986588851846263,0.37115844926801334,-0.46164427074135234,-0.32375513173963344,-0.13301305883967837,-0.5854155129917965,-0.72762548469441,-0.3051826850103768,-0.43879989268936337,-0.5077936416110265,-0.3116802469268221
5,0.06388465119136869,-0.8147228411347105,1.4819929792696718,0.37115844926801334,-0.500517212497621,-0.32375513173963344,-0.949920351992293,0.6155951707930584,1.3703613295078054,-0.3051826850103768,-0.43879989268936337,0.39939169206352954,-0.31085180774814286
44,-0.3829730747695216,-0.34878217496510744,-0.9286094356337163,0.37115844926801334,0.7434169237029767,-0.32375513173963344,1.137731619397722,0.37244576855440675,1.3703613295078054,-0.3051826850103768,-0.43879989268936337,1.5760856659809244,-0.2921144789546522
47,-0.569754875567989,1.5149804897133048,0.10450588503916422,0.37115844926801334,0.04370397209014047,1.6305239258652722,0.6838942343129363,-0.5854155129917965,-0.72762548469441,-0.3051826850103768,-0.43879989268936337,-1.0179349963564002,-0.3123392356512258
53,2.3470360305717906,-0.8147228411347105,0.10450588503916422,0.37115844926801334,0.9377816324843201,-0.32375513173963344,0.23005684922815053,0.6465414583507049,1.3703613295078054,1.3860224137071029,2.272356587141346,0.024004657439575316,0.42956346786591887
60,-0.5650262223832176,1.5149804897133048,1.8263647528272986,0.37115844926801334,0.47130633140909595,0.14527184208554386,-0.13301305883967837,-0.5854155129917965,-0.72762548469441,-0.3051826850103768,-0.43879989268936337,-1.4655118453311147,-0.3109127939972834
61,-0.562661895790832,1.5149804897133048,0.7932494321544179,0.37115844926801334,1.209892224778201,0.6924699782149174,0.5931267572959786,-0.5854155129917965,-0.72762548469441,-0.3051826850103768,-0.43879989268936337,1.282513754287832,-0.31056809570064997
68,2.6118406089189845,-0.34878217496510744,0.10450588503916422,0.37115844926801334,1.5208757588283504,-0.32375513173963344,0.5023592802790218,1.9492328012535411,1.3703613295078054,1.9526783535191774,2.272356587141346,-0.03615352118605837,1.565289640054862
81,2.855366247934708,-0.8147228411347105,0.10450588503916422,0.37115844926801334,1.3265110500470068,-0.32375513173963344,1.0469641423807643,2.8510960386478126,1.3703613295078054,5.0342351396106135,2.272356587141346,1.0274430769151452,7.0726509362289205
106,-0.569754875567989,1.5149804897133048,-0.9286094356337163,0.37115844926801334,4.825075808111188,-0.32375513173963344,1.137731619397722,-0.5854155129917965,-0.72762548469441,-0.3051826850103768,-0.43879989268936337,-1.0612488849668564,-0.31256078681539157
107,-0.5673905489756033,0.11715849120449566,-0.9286094356337163,0.37115844926801334,0.6656710401904393,-0.24558396943543723,0.1392893722111929,-0.5854155129917965,-0.72762548469441,-0.3051826850103768,-0.43879989268936337,-1.4655118453311147,-0.31192322569203723
109,-0.5681786578397319,-0.8147228411347105,-0.9286094356337163,-2.6864802042256204,-0.1895336784474716,-0.32375513173963344,-0.8591528749753353,-0.5854155129917965,-0.72762548469441,-0.3051826850103768,-0.43879989268936337,-1.4655118453311147,-0.31218967819527194
112,-0.5437472830517467,1.5149804897133048,-0.5842376620760895,0.37115844926801334,-0.22840662020374028,0.30161416669393626,0.4115918032620642,-0.5854155129917965,-0.72762548469441,-0.3051826850103768,-0.43879989268936337,-1.4655118453311147,-0.2900131531233614
116,2.711930434663311,1.5149804897133048,0.10450588503916422,0.37115844926801334,1.5208757588283504,-0.32375513173963344,0.8654291883468499,3.0087747419177258,1.3703613295078054,6.22304425045347,2.272356587141346,-0.03615352118605837,7.503671716199671
120,-0.36484657089456485,-0.8147228411347105,-0.9286094356337163,0.37115844926801334,0.587925156677902,-0.32375513173963344,0.23005684922815053,0.4697055294498674,1.3703613295078054,-0.3051826850103768,-0.43879989268936337,1.7782171461630536,-0.30164676799902174
126,-0.5689667667038604,-0.8147228411347105,-0.23986588851846263,0.37115844926801334,-0.500517212497621,-0.32375513173963344,1.4100340504485924,-0.5854155129917965,-0.72762548469441,-0.3051826850103768,-0.43879989268936337,0.7940293438476865,-0.31252518782125205
132,-0.5689667667038604,1.5149804897133048,-0.9286094356337163,0.37115844926801334,0.43243338965282724,1.3178392766484872,0.8654291883468499,-0.5854155129917965,-0.72762548469441,-0.3051826850103768,-0.43879989268936337,-0.4259785186801647,-0.3114936884939899
134,-0.5689667667038604,1.5149804897133048,-0.9286094356337163,0.37115844926801334,-0.5393901542538897,4.2883434442079436,0.4115918032620642,-0.5854155129917965,-0.72762548469441,-0.3051826850103768,-0.43879989268936337,0.47880048784936596,-0.31205486050378883
153,-0.5358661944104611,0.11715849120449566,-0.9286094356337163,-2.6864802042256204,0.587925156677902,-0.24558396943543723,0.23005684922815053,-0.5854155129917965,-0.72762548469441,-0.3051826850103768,-0.43879989268936337,1.4244870558443274,-0.30120078592236177
158,-0.5689667667038604,-0.8147228411347105,-0.5842376620760895,-2.6864802042256204,-0.46164427074135234,-0.32375513173963344,-1.1314553060262067,-0.5854155129917965,-0.72762548469441,-0.3051826850103768,-0.43879989268936337,1.9009398305593463,-0.3125880118045233
189,-0.5587213514701892,-0.8147228411347105,-0.23986588851846263,0.37115844926801334,-0.03404191142239688,-0.32375513173963344,0.8654291883468499,-0.5854155129917965,-0.72762548469441,-0.3051826850103768,-0.43879989268936337,-1.4655118453311147,-0.31232527266097526
236,-0.3482962847478652,-0.34878217496510744,-0.9286094356337163,0.37115844926801334,0.23806868087148386,-0.32375513173963344,-0.3145480128735928,0.17792624676348545,1.3703613295078054,-0.3051826850103768,-0.43879989268936337,0.6159611351158107,-0.2884912819146129
246,-0.564238113519089,-0.8147228411347105,-0.23986588851846263,0.37115844926801334,0.04370397209014047,-0.32375513173963344,1.5915690044825077,-0.5854155129917965,-0.72762548469441,-0.3051826850103768,-0.43879989268936337,-1.0564362306768058,-0.312479017119433
269,-0.5681786578397319,-0.8147228411347105,0.4488776585967911,0.37115844926801334,-0.26727956196000896,-0.32375513173963344,1.137731619397722,-0.5854155129917965,-0.72762548469441,-0.3051826850103768,-0.43879989268936337,2.565086122586342,-0.3124635953093055
274,-0.5618737869267034,-0.8147228411347105,0.10450588503916422,0.37115844926801334,-0.11178779493493424,-0.32375513173963344,-1.312990260060121,0.6583305202774273,1.3703613295078054,-0.3051826850103768,-0.43879989268936337,-0.8543047504946765,-0.31255032878198813
282,-0.4791223561932052,-0.34878217496510744,0.7932494321544179,0.37115844926801334,0.1603227973589465,-0.32375513173963344,-0.04224558182272155,-0.2759526374153308,1.3703613295078054,-0.3051826850103768,-0.43879989268936337,1.4894578887600118,-0.29168748048210497
287,0.26485241154415,-0.34878217496510744,0.7932494321544179,0.37115844926801334,0.3546875061402899,-0.32375513173963344,0.23005684922815053,1.014949643560783,1.3703613295078054,0.048247050645607706,2.272356587141346,0.8926887567937257,0.07504443371244478
293,-0.5673905489756033,1.5149804897133048,0.10450588503916422,-2.6864802042256204,1.054400457753126,0.14527184208554386,0.048521895194236074,-0.5854155129917965,-0.72762548469441,-0.3051826850103768,-0.43879989268936337,0.37051576632322536,-0.31211050406195157
294,-0.569754875567989,-0.8147228411347105,-0.23986588851846263,0.37115844926801334,0.3546875061402899,-0.32375513173963344,1.7731039585164212,-0.5854155129917965,-0.72762548469441,-0.3051826850103768,-0.43879989268936337,-1.4655118453311147,-0.3123555479098496
323,-0.3900660545466786,-0.8147228411347105,-0.9286094356337163,0.37115844926801334,0.5101792731653646,-0.32375513173963344,1.3192665734316356,0.29581686603071045,1.3703613295078054,-0.3051826850103768,-0.43879989268936337,0.01919200314952462,-0.2508753650938348
337,-0.5461116096441323,0.11715849120449566,-0.9286094356337163,0.37115844926801334,0.23806868087148386,-0.24558396943543723,0.4115918032620642,-0.5854155129917965,-0.72762548469441,-0.3051826850103768,-0.43879989268936337,0.4836131421394167,-0.3095061885045246
343,-0.5666024401114748,1.5149804897133048,-0.9286094356337163,0.37115844926801334,0.08257691384640915,1.5523527635610759,0.048521895194236074,-0.5854155129917965,-0.72762548469441,-0.3051826850103768,-0.43879989268936337,-0.5053873144660012,-0.31115876618510313
350,-0.5311375412256898,0.5830991573740987,-0.5842376620760895,0.37115844926801334,1.0155275159968575,-0.16741280713124101,-0.49608296690750725,-0.5854155129917965,-0.72762548469441,-0.3051826850103768,-0.43879989268936337,-0.22865969278808618,-0.3107974146070175
354,-0.3041621883566662,0.5830991573740987,-0.9286094356337163,-2.6864802042256204,1.3265110500470068,-0.16741280713124101,-2.31143250724665,-0.5854155129917965,-0.72762548469441,-0.3051826850103768,-0.43879989268936337,0.3729220934682507,-0.2950154654270502
356,0.0378770586751264,-0.34878217496510744,-0.9286094356337163,0.37115844926801334,0.12144985560267783,-0.32375513173963344,-0.3145480128735928,0.303185029734912,1.3703613295078054,-0.02769652891683525,2.272356587141346,-0.6160783631371671,-0.2668063980869388
363,-0.5681786578397319,-0.8147228411347105,-0.23986588851846263,0.37115844926801334,2.065096943416112,-0.32375513173963344,1.863871435533378,-0.5205756723948227,1.3703613295078054,-0.3051826850103768,-0.43879989268936337,-1.4655118453311147,-0.3113139126262997
369,-0.5618737869267034,1.5149804897133048,-0.23986588851846263,0.37115844926801334,0.3935604478965586,-0.011070482522848585,0.8654291883468499,-0.5854155129917965,-0.72762548469441,-0.3051826850103768,-0.43879989268936337,-0.664204906037674,-0.31174949350669434
386,1.7472851849699607,-0.8147228411347105,0.4488776585967911,0.37115844926801334,-0.4227713289850837,-0.32375513173963344,-0.3145480128735928,-0.5854155129917965,-0.72762548469441,-0.3051826850103768,-0.43879989268936337,-0.02652821260595698,0.29521993073424285
407,-0.4342001509378776,0.5830991573740987,-0.5842376620760895,0.37115844926801334,1.3653839918032755,-0.16741280713124101,0.5931267572959786,-0.5854155129917965,-0.72762548469441,-0.3051826850103768,-0.43879989268936337,0.09619447179033574,-0.2812950560817303
416,-0.5177396905355044,1.5149804897133048,1.8263647528272986,0.37115844926801334,0.27694162262775257,-0.011070482522848585,-1.0406878290092498,-0.5854155129917965,-0.72762548469441,-0.3051826850103768,-0.43879989268936337,-0.7267694118083331,-0.29595729469616316
438,-0.555568916013675,1.5149804897133048,0.7932494321544179,0.37115844926801334,0.47130633140909595,0.22344300438974007,0.32082432624510737,-0.5854155129917965,-0.72762548469441,-0.3051826850103768,-0.43879989268936337,0.11544508895053852,-0.30957575716151253
449,-0.5689667667038604,1.5149804897133048,-0.9286094356337163,0.37115844926801334,-0.4227713289850837,1.6305239258652722,0.9561966653638075,-0.5854155129917965,-0.72762548469441,-0.3051826850103768,-0.43879989268936337,1.3835794943788966,-0.3119169925525631
471,-0.5681786578397319,-0.8147228411347105,0.10450588503916422,0.37115844926801334,-0.15066073669120292,-0.32375513173963344,-0.8591528749753353,0.3429731137376005,1.3703613295078054,-0.3051826850103768,-0.43879989268936337,0.026020281037065666,-0.312628081986857
475,-0.541382956459361,-0.8147228411347105,-0.9286094356337163,0.37115844926801334,-0.383898387228815,-0.32375513173963344,-0.949920351992293,0.31792135714331515,1.3703613295078054,-0.3051826850103768,-0.43879989268936337,2.8321884356841553,-0.3113316268676624
477,-0.2954929908512521,1.5149804897133048,-0.5842376620760895,0.37115844926801334,0.1603227973589465,-0.0892416448270448,-2.31143250724665,-0.5854155129917965,-0.72762548469441,-0.3051826850103768,-0.43879989268936337,1.2608568099826039,-0.2889684675800689
484,-0.5689667667038604,-0.8147228411347105,-0.23986588851846263,-2.6864802042256204,0.47130633140909595,-0.32375513173963344,1.137731619397722,-0.5854155129917965,-0.72762548469441,-0.3051826850103768,-0.43879989268936337,-1.4655118453311147,-0.3121351524341578
485,-0.569754875567989,1.0490398235437017,2.5151082999425523,0.37115844926801334,-3.377114902461503,-0.32375513173963344,2.13617386658425,-0.5854155129917965,-0.72762548469441,-0.3051826850103768,-0.43879989268936337,-1.4655118453311147,-0.31255286750748823
493,-0.5689667667038604,0.11715849120449566,-0.5842376620760895,0.37115844926801334,1.3653839918032755,-0.24558396943543723,-0.5868504439244641,-0.5854155129917965,-0.72762548469441,-0.3051826850103768,-0.43879989268936337,-0.7315820660983838,-0.31241948969016936
498,1.37687401882954,-0.34878217496510744,1.8263647528272986,0.37115844926801334,-0.500517212497621,-0.32375513173963344,-0.8591528749753353,0.4697055294498674,1.3703613295078054,-0.3051826850103768,-0.43879989268936337,-0.18775213132265525,0.5267952525371395
512,-0.5689667667038604,-0.8147228411347105,1.4819929792696718,0.37115844926801334,-0.26727956196000896,5.226397391858297,-0.26882352327197,2.482687853437734,1.3703613295078054,-0.3051826850103768,-0.43879989268936337,-1.4655118453311147,-0.3125942449439974
514,-0.5673905489756033,-0.8147228411347105,1.4819929792696718,-2.6864802042256204,-1.0447383970853825,-0.32375513173963344,-2.6745024153144783,-0.5854155129917965,-0.72762548469441,-0.3051826850103768,-0.43879989268936337,0.5173017221697715,-0.3120468654130348
541,1.041139642710776,-0.34878217496510744,0.10450588503916422,0.37115844926801334,-0.11178779493493424,-0.32375513173963344,-0.8591528749753353,0.8557973075500293,1.3703613295078054,-0.27305270904165097,2.272356587141346,0.04084894745475275,-0.2694397763676281
546,-0.31283138586208026,1.0490398235437017,0.10450588503916422,0.37115844926801334,0.27694162262775257,-0.32375513173963344,-0.40531548989054966,1.5204056736690104,1.3703613295078054,-0.3051826850103768,-0.43879989268936337,0.17319694043114686,-0.25524407592812093
547,-0.5208921259920186,-0.8147228411347105,-0.5842376620760895,-2.6864802042256204,-0.07291485317866556,-0.32375513173963344,0.8654291883468499,-0.04901319532592269,1.3703613295078054,-0.3051826850103768,-0.43879989268936337,2.259482575168123,-0.2935996144265
559,-0.5602975691984463,1.5149804897133048,-0.9286094356337163,-2.6864802042256204,0.3546875061402899,0.8488123028233098,-0.22378053585663518,-0.5854155129917965,-0.72762548469441,-0.3051826850103768,-0.43879989268936337,-0.1540635512923004,-0.3119021770052416
574,-0.5602975691984463,1.5149804897133048,0.10450588503916422,-2.6864802042256204,0.8989086907280514,0.14527184208554386,-0.13301305883967837,-0.5854155129917965,-0.72762548469441,-0.3051826850103768,-0.43879989268936337,-1.0564362306768058,-0.3036251551006844
586,-0.5666024401114748,-0.8147228411347105,-0.23986588851846263,0.37115844926801334,-0.1895336784474716,-0.32375513173963344,0.1392893722111929,-0.5854155129917965,-0.72762548469441,-0.3051826850103768,-0.43879989268936337,-0.9914653977611213,-0.3123461129449313
617,-0.4751818118725625,0.5830991573740987,-0.9286094356337163,0.37115844926801334,1.2876381082907382,-0.16741280713124101,-1.4037577370770786,-0.5854155129917965,-0.72762548469441,-0.3051826850103768,-0.43879989268936337,2.0477257864058926,-0.3058928811265081
653,-0.27736648697629535,1.5149804897133048,1.1376212057120447,0.37115844926801334,0.704543981946708,0.06710067978134764,0.6838942343129363,-0.5854155129917965,-0.72762548469441,-0.3051826850103768,-0.43879989268936337,0.5533966293451518,-0.3046108058032432
657,-0.5579332426060607,1.5149804897133048,-0.5842376620760895,0.37115844926801334,-0.15066073669120292,0.30161416669393626,0.1392893722111929,-0.5854155129917965,-0.72762548469441,-0.3051826850103768,-0.43879989268936337,-1.22487913082858,-0.3118476701898401
661,-0.34277952269896533,-0.8147228411347105,-0.9286094356337163,0.37115844926801334,-0.500517212497621,-0.32375513173963344,-0.49608296690750725,0.5257035736017992,1.3703613295078054,2.7471650320185805,2.272356587141346,0.7410901466571289,-0.3008076623840995
664,1.460413558427167,-0.8147228411347105,0.7932494321544179,0.37115844926801334,1.2487651665344695,-0.32375513173963344,1.3192665734316356,0.583666461506427,1.3703613295078054,2.4141816447063307,2.272356587141346,-1.003497033486248,-0.0011890976503163245
687,-0.5689667667038604,-0.8147228411347105,-0.23986588851846263,0.37115844926801334,-0.15066073669120292,-0.32375513173963344,0.8654291883468499,-0.5854155129917965,-0.72762548469441,-0.3051826850103768,-0.43879989268936337,-1.4655118453311147,-0.3125240700242035
689,-0.48700344483449076,0.11715849120449566,-0.9286094356337163,0.37115844926801334,0.43243338965282724,-0.24558396943543723,0.774661711329893,-0.5854155129917965,-0.72762548469441,-0.3051826850103768,-0.43879989268936337,1.5736793388358992,-0.2959471208484501
695,0.2727335001854356,-0.34878217496510744,0.10450588503916422,0.37115844926801334,-0.4227713289850837,-0.32375513173963344,-0.13301305883967837,-0.5854155129917965,-0.72762548469441,-0.3051826850103768,-0.43879989268936337,0.6111484808257601,-0.2785468288907303
704,-0.5681786578397319,-0.8147228411347105,-0.23986588851846263,-2.6864802042256204,-0.6171360377664271,-0.32375513173963344,1.4100340504485924,-0.5854155129917965,-0.72762548469441,-0.3051826850103768,-0.43879989268936337,-1.4655118453311147,-0.31232136984416164
710,1.4572611229706527,1.5149804897133048,1.4819929792696718,0.37115844926801334,-0.383898387228815,-0.32375513173963344,-1.1314553060262067,-0.5854155129917965,-0.72762548469441,-0.3051826850103768,-0.43879989268936337,-0.16609518701742712,-0.24143956656418192
717,-0.5689667667038604,-0.8147228411347105,-0.9286094356337163,0.37115844926801334,-0.500517212497621,-0.32375513173963344,0.5023592802790218,-0.5854155129917965,-0.72762548469441,-0.3051826850103768,-0.43879989268936337,0.2766690076672368,-0.3124824462934294
720,-0.562661895790832,0.11715849120449566,-0.9286094356337163,0.37115844926801334,0.704543981946708,-0.24558396943543723,0.048521895194236074,1.1593656521631337,1.3703613295078054,-0.3051826850103768,-0.43879989268936337,0.5197080493147969,-0.311731457188216
734,-0.5571451337419321,-0.8147228411347105,-0.9286094356337163,0.37115844926801334,0.08257691384640915,-0.32375513173963344,-0.6776179209414209,0.5139145116750767,1.3703613295078054,-0.3051826850103768,-0.43879989268936337,-0.7315820660983838,-0.31226288442909583
735,-0.5532045894212894,-0.8147228411347105,-0.5842376620760895,0.37115844926801334,-0.46164427074135234,-0.32375513173963344,0.1392893722111929,3.045615560438734,1.3703613295078054,-0.3051826850103768,-0.43879989268936337,2.4351444567549736,-0.31170550156183435
741,-0.564238113519089,-0.8147228411347105,-0.9286094356337163,-2.6864802042256204,-0.1895336784474716,-0.32375513173963344,-0.6776179209414209,-0.5854155129917965,-0.72762548469441,-0.3051826850103768,-0.43879989268936337,1.4918642159050373,-0.31221754733863505
746,2.6859228421470687,1.5149804897133048,0.10450588503916422,0.37115844926801334,1.8318592928784996,-0.32375513173963344,-1.312990260060121,1.522861728138835,1.3703613295078054,4.9232406771731965,2.272356587141346,1.4509566544396064,2.1535023919296545
757,-0.5547808071495465,-0.34878217496510744,0.10450588503916422,0.37115844926801334,-0.11178779493493424,-0.32375513173963344,-0.6776179209414209,0.7187494626518802,1.3703613295078054,-0.3051826850103768,-0.43879989268936337,1.8167183804834592,-0.31252787811245364
763,-0.4602077434541199,-0.34878217496510744,-0.5842376620760895,0.37115844926801334,0.23806868087148386,-0.32375513173963344,0.32082432624510737,1.5100902444831281,1.3703613295078054,-0.27597361594789876,2.272356587141346,0.6207737894058615,-0.29070444428789705
770,-0.5539926982854179,-0.8147228411347105,-0.9286094356337163,0.37115844926801334,-3.5714796112428466,-0.32375513173963344,0.23005684922815053,-0.5854155129917965,-0.72762548469441,-0.3051826850103768,-0.43879989268936337,1.2945453900129589,-0.3122298999433072
780,-0.5532045894212894,1.5149804897133048,-0.5842376620760895,0.37115844926801334,0.23806868087148386,-0.0892416448270448,0.5931267572959786,-0.5854155129917965,-0.72762548469441,-0.3051826850103768,-0.43879989268936337,2.5819304126015195,-0.30864156301461254
787,-0.4231666268400779,1.5149804897133048,1.1376212057120447,0.37115844926801334,-0.03404191142239688,0.06710067978134764,1.2284990964146787,-0.5854155129917965,-0.72762548469441,-0.3051826850103768,-0.43879989268936337,-0.48613669730579834,-0.30793212185732244
803,-0.5500521539647751,1.0490398235437017,1.4819929792696718,0.37115844926801334,-0.3450254454725463,-0.32375513173963344,-0.7683853979583786,0.22508249447037545,1.3703613295078054,-0.3051826850103768,-0.43879989268936337,-0.27437990854356775,-0.31224892143884525
808,-0.5461116096441323,1.5149804897133048,0.10450588503916422,0.37115844926801334,1.4820028170720816,0.06710067978134764,0.5931267572959786,-0.5854155129917965,-0.72762548469441,-0.3051826850103768,-0.43879989268936337,1.0130051140449932,-0.31110941260355257
809,2.627602786201556,-0.8147228411347105,2.8594800735001793,0.37115844926801334,2.4149534192225297,-0.32375513173963344,1.6823364814994646,1.6589271513079997,1.3703613295078054,0.962490912301171,2.272356587141346,-0.2455039828032636,1.3358549564370823
816,-0.5595094603343178,1.5149804897133048,-0.9286094356337163,0.37115844926801334,-0.22840662020374028,0.6924699782149174,0.23005684922815053,-0.5854155129917965,-0.72762548469441,-0.3051826850103768,-0.43879989268936337,2.0044118977954364,-0.3123988388633402
850,1.0663591263628898,1.5149804897133048,1.1376212057120447,0.37115844926801334,-0.46164427074135234,-0.32375513173963344,-0.7683853979583786,0.018773910752731694,1.3703613295078054,-0.3051826850103768,-0.43879989268936337,-0.490949351595849,-0.13415711920375345
876,1.9214572439423712,-0.8147228411347105,-0.5842376620760895,0.37115844926801334,-0.03404191142239688,-0.32375513173963344,-1.312990260060121,2.123121464672698,1.3703613295078054,-0.3051826850103768,-0.43879989268936337,-0.29844317999382125,0.10617108396926829
890,-0.5350780855463326,-0.34878217496510744,-0.9286094356337163,0.37115844926801334,-0.07291485317866556,-0.32375513173963344,1.137731619397722,-0.5854155129917965,-0.72762548469441,-0.3051826850103768,-0.43879989268936337,-0.6232973445722432,-0.30770348499661165
893,-0.569754875567989,1.5149804897133048,-0.9286094356337163,0.37115844926801334,-0.4227713289850837,-0.32375513173963344,0.4115918032620642,-0.5854155129917965,-0.72762548469441,-0.3051826850103768,-0.43879989268936337,-0.9938717249061466,-0.3125316862007038
899,1.7055154151711471,-0.8147228411347105,-0.9286094356337163,0.37115844926801334,1.1710192830219321,-0.32375513173963344,-0.3145480128735928,1.9890208852562294,1.3703613295078054,-0.3051826850103768,-0.43879989268936337,-0.3201001242990494,0.7745905105059094
935,-0.5689667667038604,-0.34878217496510744,-0.23986588851846263,0.37115844926801334,-0.15066073669120292,-0.32375513173963344,0.23005684922815053,-0.5854155129917965,-0.72762548469441,-0.3051826850103768,-0.43879989268936337,-1.4655118453311147,-0.31234891691040906
943,-0.5074942753018332,0.5830991573740987,-0.5842376620760895,0.37115844926801334,0.6656710401904393,-0.16741280713124101,0.6838942343129363,-0.5854155129917965,-0.72762548469441,-0.3051826850103768,-0.43879989268936337,-0.5631391659466095,-0.29956592248314595
962,2.460523707006302,1.5149804897133048,0.10450588503916422,0.37115844926801334,0.6267980984341707,-0.32375513173963344,0.048521895194236074,1.6446820349114524,1.3703613295078054,2.168825464581515,2.272356587141346,-0.2142217299179341,2.87124421537373
979,-0.5492640451006465,1.5149804897133048,0.10450588503916422,-2.6864802042256204,0.19919573911521518,-0.011070482522848585,-1.2222227830431642,1.062105891267673,1.3703613295078054,-0.3051826850103768,-0.43879989268936337,0.7699660723974331,-0.30576528175155887
989,-0.15205717757985518,-0.34878217496510744,-0.9286094356337163,0.37115844926801334,0.1603227973589465,-0.32375513173963344,-0.5868504439244641,0.449074671078103,1.3703613295078054,-0.3051826850103768,-0.43879989268936337,-0.48132404301574766,-0.2611725493965303
991,-0.5508402628289036,-0.8147228411347105,1.1376212057120447,0.37115844926801334,-1.0447383970853825,-0.32375513173963344,-0.40531548989054966,0.0010903178626479426,1.3703613295078054,-0.3051826850103768,-0.43879989268936337,-0.28400521712366916,-0.31133103955056907
992,-0.562661895790832,-0.8147228411347105,0.10450588503916422,0.37115844926801334,0.004831030333871797,3.5066318211659815,-0.949920351992293,-0.5854155129917965,-0.72762548469441,-0.3051826850103768,-0.43879989268936337,-0.7436137018235105,-0.3125555199072645
994,-0.5673905489756033,-0.8147228411347105,0.7932494321544179,0.37115844926801334,0.19919573911521518,-0.32375513173963344,-0.04224558182272155,-0.5854155129917965,-0.72762548469441,-0.3051826850103768,-0.43879989268936337,1.2079176127920463,-0.3116280325426558
997,-0.5673905489756033,0.11715849120449566,-0.23986588851846263,0.37115844926801334,3.853252264204471,-0.24558396943543723,0.8654291883468499,-0.5854155129917965,-0.72762548469441,-0.3051826850103768,-0.43879989268936337,-1.4655118453311147,-0.31164684563535433
1000,-0.5287732146333042,1.5149804897133048,1.1376212057120447,0.37115844926801334,-1.239103105866726,-0.24558396943543723,1.0469641423807643,-0.5854155129917965,-0.72762548469441,-0.3051826850103768,-0.43879989268936337,1.1020392184109309,-0.3067673394413049
1012,-0.5658143312473461,-0.34878217496510744,-0.23986588851846263,-2.6864802042256204,-0.11178779493493424,-0.32375513173963344,0.048521895194236074,2.2675374732750484,1.3703613295078054,-0.3051826850103768,-0.43879989268936337,0.11544508895053852,-0.3122015382114142
1036,-0.5476878273723894,1.5149804897133048,0.7932494321544179,0.37115844926801334,0.587925156677902,-0.24558396943543723,-0.6776179209414209,-0.5854155129917965,-0.72762548469441,-0.3051826850103768,-0.43879989268936337,-0.7941465718690428,-0.3077557183264907
1052,-0.5666024401114748,-0.8147228411347105,-0.9286094356337163,0.37115844926801334,-0.1895336784474716,-0.32375513173963344,0.8654291883468499,-0.5854155129917965,-0.72762548469441,-0.3051826850103768,-0.43879989268936337,-1.4655118453311147,-0.31104185219210956
1054,-0.5681786578397319,-0.8147228411347105,1.1376212057120447,0.37115844926801334,-3.882463145292996,-0.32375513173963344,-0.26882352327197,-0.5854155129917965,-0.72762548469441,-0.3051826850103768,-0.43879989268936337,0.6857446223215459,-0.3124516216188871
1064,-0.5295613234974327,1.5149804897133048,0.10450588503916422,0.37115844926801334,1.0155275159968575,0.5361276536065249,0.6838942343129363,1.2389418201685105,1.3703613295078054,-0.3051826850103768,-0.43879989268936337,0.6640876780163177,-0.3040507136990674
1065,-0.5571451337419321,-0.8147228411347105,-0.23986588851846263,0.37115844926801334,-0.11178779493493424,-0.32375513173963344,0.8654291883468499,0.9795824577806156,1.3703613295078054,-0.3051826850103768,-0.43879989268936337,-1.4655118453311147,-0.3049387371441483
1066,-0.5595094603343178,-0.8147228411347105,-0.23986588851846263,-2.6864802042256204,-0.3450254454725463,-0.32375513173963344,1.2284990964146787,-0.5854155129917965,-0.72762548469441,-0.3051826850103768,-0.43879989268936337,-0.19737743990275666,-0.3101904318639406
1094,1.3713572567806402,-0.8147228411347105,0.10450588503916422,0.37115844926801334,-0.07291485317866556,-0.32375513173963344,-0.5868504439244641,-0.5854155129917965,-0.72762548469441,-0.3051826850103768,-0.43879989268936337,-0.22865969278808618,0.03975705865521676
1100,0.058367889142468814,-0.8147228411347105,-0.23986588851846263,0.37115844926801334,-0.46164427074135234,-0.32375513173963344,-0.26882352327197,-0.5854155129917965,-0.72762548469441,-0.3051826850103768,-0.43879989268936337,-0.3826646300697084,-0.2887622813888926
1104,-0.2450540235470246,-0.8147228411347105,-0.23986588851846263,-2.6864802042256204,-0.8503736883040391,-0.32375513173963344,-0.949920351992293,1.1004203425295211,1.3703613295078054,-0.3051826850103768,-0.43879989268936337,-0.3225064514440747,-0.299488055604001
1113,-0.40109957864447837,-0.34878217496510744,0.7932494321544179,0.37115844926801334,0.12144985560267783,-0.32375513173963344,-0.04224558182272155,0.948636170222969,1.3703613295078054,-0.3051826850103768,-0.43879989268936337,0.825311596733016,-0.28836173113125685
1165,-0.4806985739214623,1.0490398235437017,-0.5842376620760895,0.37115844926801334,-0.46164427074135234,-0.32375513173963344,-0.6776179209414209,2.075965216965808,1.3703613295078054,-0.3051826850103768,-0.43879989268936337,1.7324969304075721,-0.281429172781844
1191,0.007140812974112781,-0.8147228411347105,-0.23986588851846263,-2.6864802042256204,0.27694162262775257,-0.32375513173963344,-0.13301305883967837,-0.5854155129917965,-0.72762548469441,-0.3051826850103768,-0.43879989268936337,-0.5679518202366601,-0.26462063121420054
1194,-0.5689667667038604,-0.8147228411347105,-0.23986588851846263,0.37115844926801334,-0.8115007465477705,-0.32375513173963344,0.774661711329893,-0.5854155129917965,-0.72762548469441,-0.3051826850103768,-0.43879989268936337,-0.5487012030764574,-0.312070850685297
1196,-0.5681786578397319,-0.8147228411347105,1.8263647528272986,0.37115844926801334,-0.3450254454725463,-0.32375513173963344,0.1392893722111929,0.3842348304811292,1.3703613295078054,-0.3051826850103768,-0.43879989268936337,-0.17331416845250316,-0.3124315391634385
1213,-0.5547808071495465,1.5149804897133048,1.1376212057120447,0.37115844926801334,1.0932733995093948,0.06710067978134764,1.2284990964146787,-0.5854155129917965,-0.72762548469441,-0.3051826850103768,-0.43879989268936337,-0.14443824271219902,-0.3093746294756237
1222,-0.13235445597664133,-0.8147228411347105,-0.23986588851846263,0.37115844926801334,-0.15066073669120292,-0.32375513173963344,-0.949920351992293,-0.5854155129917965,-0.72762548469441,-0.3051826850103768,-0.43879989268936337,-0.9240882377004116,-0.2463868036810886
1241,-0.06063654934094289,-0.8147228411347105,-0.5842376620760895,0.37115844926801334,-0.15066073669120292,-0.32375513173963344,0.5931267572959786,0.7231703608744011,1.3703613295078054,-0.3051826850103768,-0.43879989268936337,0.748309128092205,-0.2553384066315912
1303,1.8221555270621732,-0.8147228411347105,-0.5842376620760895,0.37115844926801334,-0.1895336784474716,-0.32375513173963344,-0.8591528749753353,0.8125707470538046,1.3703613295078054,-0.3051826850103768,-0.43879989268936337,-0.3417570686042775,0.19928246031668312
1336,1.8993901957467716,-0.8147228411347105,-0.5842376620760895,0.37115844926801334,-0.5393901542538897,-0.32375513173963344,-0.949920351992293,1.4334613419594318,1.3703613295078054,-0.3051826850103768,-0.43879989268936337,0.3729220934682507,0.172080584954456
1352,0.3775519791145333,-0.8147228411347105,-0.5842376620760895,0.37115844926801334,0.5101792731653646,-0.32375513173963344,-0.6776179209414209,0.6981186042801159,1.3703613295078054,-0.3051826850103768,-0.43879989268936337,-0.38988361150478446,0.29645729417556566
1367,-0.4121331027422781,-0.8147228411347105,-0.23986588851846263,0.37115844926801334,0.704543981946708,5.226397391858297,1.863871435533378,-0.5854155129917965,-0.72762548469441,-0.3051826850103768,-0.43879989268936337,-1.4655118453311147,-0.3060271872837486
1373,-0.569754875567989,1.5149804897133048,-0.23986588851846263,0.37115844926801334,-1.355721931135532,-0.32375513173963344,-0.40531548989054966,-0.5854155129917965,-0.72762548469441,-0.3051826850103768,-0.43879989268936337,-1.4655118453311147,-0.3126175860620282
1400,-0.569754875567989,-0.8147228411347105,0.10450588503916422,0.37115844926801334,0.04370397209014047,-0.32375513173963344,-1.0406878290092498,-0.5854155129917965,-0.72762548469441,-0.3051826850103768,-0.43879989268936337,-1.4655118453311147,-0.31251039121964325
1401,-0.5602975691984463,-0.8147228411347105,-0.5842376620760895,-2.6864802042256204,-0.6948819212789644,-0.32375513173963344,-0.7683853979583786,0.9147426171836418,1.3703613295078054,-0.3051826850103768,-0.43879989268936337,1.8383753247886874,-0.3117172289579878
1402,-0.44996232822044874,0.11715849120449566,-0.9286094356337163,0.37115844926801334,0.12144985560267783,-0.32375513173963344,-0.40531548989054966,1.2035746343883431,1.3703613295078054,-0.3051826850103768,-0.43879989268936337,0.24298042763688193,-0.28790822760666
1410,-0.5666024401114748,0.11715849120449566,-0.9286094356337163,0.37115844926801334,1.4820028170720816,-0.24558396943543723,0.9561966653638075,-0.5854155129917965,-0.72762548469441,-0.3051826850103768,-0.43879989268936337,-1.4655118453311147,-0.3117732324846916
1412,-0.21352966898188241,-0.8147228411347105,-0.5842376620760895,0.37115844926801334,0.004831030333871797,-0.32375513173963344,0.048521895194236074,0.8233773872515424,1.3703613295078054,-0.2526063606979163,2.272356587141346,-0.28400521712366916,-0.27222187849291307
1421,-0.5595094603343178,-0.8147228411347105,-0.5842376620760895,0.37115844926801334,-0.6171360377664271,-0.32375513173963344,-1.2222227830431642,-0.5854155129917965,-0.72762548469441,-0.3051826850103768,-0.43879989268936337,-0.8831806762349806,-0.3123226392069117
1450,-0.24899456786766735,-0.8147228411347105,-0.5842376620760895,0.37115844926801334,-0.1895336784474716,-0.32375513173963344,0.9561966653638075,4.760924070776857,1.3703613295078054,-0.3051826850103768,-0.43879989268936337,0.430673944948859,-0.302544283246159
1460,-0.5673905489756033,-0.8147228411347105,-0.23986588851846263,0.37115844926801334,-0.4227713289850837,-0.32375513173963344,0.048521895194236074,-0.5854155129917965,-0.72762548469441,-0.3051826850103768,-0.43879989268936337,-0.9866527434710706,-0.3121435453848783
1489,-0.5571451337419321,1.5149804897133048,0.10450588503916422,0.37115844926801334,0.23806868087148386,1.0833257897358985,-0.5868504439244641,-0.5854155129917965,-0.72762548469441,-0.3051826850103768,-0.43879989268936337,-0.3586013586194549,-0.3085332693208917
1493,-0.35617737338915073,-0.8147228411347105,1.1376212057120447,0.37115844926801334,-0.5393901542538897,5.226397391858297,0.5931267572959786,-0.5854155129917965,-0.72762548469441,-0.3051826850103768,-0.43879989268936337,-1.4655118453311147,-0.25891825588100187
1510,-0.4003114697803498,1.5149804897133048,-0.9286094356337163,0.37115844926801334,0.1603227973589465,-0.32375513173963344,0.32082432624510737,0.46675826396818676,1.3703613295078054,0.6119820835514344,2.272356587141346,-0.019309231170880937,-0.3080705771256415
1522,-0.5382305210028469,1.5149804897133048,-0.23986588851846263,0.37115844926801334,0.6656710401904393,-0.32375513173963344,1.3192665734316356,-0.5854155129917965,-0.72762548469441,-0.3051826850103768,-0.43879989268936337,-1.4655118453311147,-0.30302552329413013
1523,-0.5563570248778036,1.5149804897133048,-0.9286094356337163,0.37115844926801334,1.0932733995093948,0.5361276536065249,-0.13301305883967837,-0.5854155129917965,-0.72762548469441,-0.3051826850103768,-0.43879989268936337,-0.9866527434710706,-0.3104656562321495
1527,-0.5618737869267034,-0.8147228411347105,-0.5842376620760895,0.37115844926801334,-0.26727956196000896,-0.32375513173963344,-0.949920351992293,-0.5854155129917965,-0.72762548469441,-0.3051826850103768,-0.43879989268936337,0.7579344366723063,-0.31260851106565096
1532,-0.569754875567989,-0.8147228411347105,-0.23986588851846263,0.37115844926801334,-0.6171360377664271,-0.32375513173963344,0.8654291883468499,-0.5854155129917965,-0.72762548469441,-0.3051826850103768,-0.43879989268936337,-1.4655118453311147,-0.3124787897708807
1557,-0.5532045894212894,1.0490398235437017,-0.23986588851846263,0.37115844926801334,0.04370397209014047,-0.32375513173963344,1.137731619397722,-0.5854155129917965,-0.72762548469441,-0.3051826850103768,-0.43879989268936337,-1.4655118453311147,-0.3085625025555683
1568,-0.5681786578397319,1.5149804897133048,-0.23986588851846263,0.37115844926801334,-0.26727956196000896,-0.32375513173963344,-0.40531548989054966,-0.5854155129917965,-0.72762548469441,-0.3051826850103768,-0.43879989268936337,0.6472433880011403,-0.31228408468159297
1582,-0.05827222274855723,-0.8147228411347105,0.4488776585967911,0.37115844926801334,0.12144985560267783,-0.32375513173963344,-0.13301305883967837,0.15140085742835982,1.3703613295078054,6.126654322547293,2.272356587141346,-0.4259785186801647,-0.23139489072018332
1587,0.6179251826737424,-0.34878217496510744,-0.23986588851846263,0.37115844926801334,-0.8892466300603078,-0.32375513173963344,0.5023592802790218,0.09540281327642795,1.3703613295078054,-0.3051826850103768,-0.43879989268936337,-0.6786428689078261,-0.04979820742078459
1592,2.447125856316117,-0.8147228411347105,1.1376212057120447,0.37115844926801334,-0.1895336784474716,-0.32375513173963344,-0.22378053585663518,0.7703266085812911,1.3703613295078054,5.031314232704365,2.272356587141346,0.24298042763688193,3.002895149926856
1608,-0.562661895790832,-0.8147228411347105,-0.9286094356337163,0.37115844926801334,-0.26727956196000896,-0.32375513173963344,-0.6776179209414209,-0.5854155129917965,-0.72762548469441,-0.3051826850103768,-0.43879989268936337,-0.8591174047847272,-0.31254987408488366
1617,-0.5461116096441323,1.0490398235437017,1.4819929792696718,-2.6864802042256204,-0.46164427074135234,-0.32375513173963344,-0.7683853979583786,-0.5854155129917965,-0.72762548469441,-0.3051826850103768,-0.43879989268936337,0.7290585109320021,-0.30977447874189
1646,2.09090064973001,-0.8147228411347105,0.10450588503916422,0.37115844926801334,0.6267980984341707,-0.32375513173963344,0.32082432624510737,0.9795824577806156,1.3703613295078054,0.8135246600825329,2.272356587141346,-0.36582034005453096,1.1171700133609608
1650,-0.5468997185082609,1.5149804897133048,-0.5842376620760895,0.37115844926801334,0.004831030333871797,-0.011070482522848585,-0.13301305883967837,-0.5854155129917965,-0.72762548469441,-0.3051826850103768,-0.43879989268936337,0.13228937896571596,-0.3037017526170793
1659,2.592925996179899,-0.34878217496510744,0.10450588503916422,0.37115844926801334,0.1603227973589465,-0.32375513173963344,1.5008015274655508,-0.5854155129917965,-0.72762548469441,5.019630605079374,2.272356587141346,-0.33935074145925215,3.248181806078695
1704,-0.5508402628289036,-0.8147228411347105,0.7932494321544179,0.37115844926801334,-0.500517212497621,-0.32375513173963344,-1.0406878290092498,-0.5854155129917965,-0.72762548469441,-0.3051826850103768,-0.43879989268936337,-0.767676973273764,-0.30669828231855956
1713,-0.5366543032745897,1.5149804897133048,-0.5842376620760895,0.37115844926801334,-3.9602090288055334,-0.011070482522848585,-0.26882352327197,-0.5854155129917965,-0.72762548469441,-0.3051826850103768,-0.43879989268936337,-1.4655118453311147,-0.30680928524919465
1717,-0.5634500046549605,1.0490398235437017,-0.23986588851846263,0.37115844926801334,-0.46164427074135234,-0.32375513173963344,1.5915690044825077,-0.5854155129917965,-0.72762548469441,-0.3051826850103768,-0.43879989268936337,-1.4655118453311147,-0.3114472714979059
1734,2.4022036510607894,-0.8147228411347105,1.4819929792696718,0.37115844926801334,0.7822898654592454,-0.32375513173963344,-0.13301305883967837,0.9864594104729615,1.3703613295078054,1.7102430803006095,2.272356587141346,1.5688666845458483,1.0943110258266269
1740,1.37687401882954,-0.8147228411347105,0.7932494321544179,0.37115844926801334,1.4431298753158128,-0.32375513173963344,-0.7683853979583786,-0.5854155129917965,-0.72762548469441,-0.3051826850103768,-0.43879989268936337,-0.6353289802973698,0.5384489498682484
1743,-0.34750817588373667,1.5149804897133048,-0.9286094356337163,0.37115844926801334,0.3158145643840212,-0.32375513173963344,-1.2222227830431642,0.7143285644293592,1.3703613295078054,1.3655760653633684,2.272356587141346,1.710839986102344,-0.3085126563854879
1748,-0.569754875567989,1.5149804897133048,-0.23986588851846263,0.37115844926801334,-0.3061525037162776,-0.32375513173963344,2.4992437746520793,-0.5854155129917965,-0.72762548469441,-0.3051826850103768,-0.43879989268936337,-1.4655118453311147,-0.31228578979573485
1749,-0.5666024401114748,1.5149804897133048,-0.23986588851846263,0.37115844926801334,-0.07291485317866556,1.239668114344291,0.048521895194236074,-0.5854155129917965,-0.72762548469441,-0.3051826850103768,-0.43879989268936337,-0.38025830292468304,-0.3122427261907965
1761,-0.5666024401114748,-0.34878217496510744,-0.9286094356337163,0.37115844926801334,0.04370397209014047,-0.32375513173963344,-0.22378053585663518,0.7349594228011237,1.3703613295078054,-0.3051826850103768,-0.43879989268936337,0.2983259519724649,-0.31200850034484295
1775,-0.05117924297140024,-0.8147228411347105,0.7932494321544179,0.37115844926801334,-0.15066073669120292,-0.32375513173963344,-0.5868504439244641,1.0208441745241443,1.3703613295078054,0.7405019874263378,2.272356587141346,-0.45726077156549416,-0.2827786569508504
1782,1.5612914930356219,0.11715849120449566,1.1376212057120447,0.37115844926801334,-0.500517212497621,-0.32375513173963344,0.1392893722111929,0.4844418568582705,1.3703613295078054,-0.3051826850103768,-0.43879989268936337,-1.4655118453311147,3.790298047545327
1799,-0.5673905489756033,1.5149804897133048,0.10450588503916422,0.37115844926801334,0.23806868087148386,-0.011070482522848585,-0.5868504439244641,-0.5854155129917965,-0.72762548469441,-0.3051826850103768,-0.43879989268936337,-1.0203413235014256,-0.3123786427336155
1803,2.6512460521254124,-0.8147228411347105,1.1376212057120447,0.37115844926801334,0.08257691384640915,-0.32375513173963344,0.5931267572959786,0.6067533743480165,1.3703613295078054,-0.3051826850103768,-0.43879989268936337,0.8084673067178386,3.017080202875833
1806,2.618933588696142,-0.8147228411347105,1.1376212057120447,0.37115844926801334,-0.03404191142239688,-0.32375513173963344,-0.49608296690750725,1.5690355541167407,1.3703613295078054,-0.3051826850103768,-0.43879989268936337,0.1852285761562736,0.7809608548313255
1808,-0.5602975691984463,-0.8147228411347105,-0.5842376620760895,-2.6864802042256204,-0.7337548630352331,-0.32375513173963344,-1.8575951221618645,-0.5854155129917965,-0.72762548469441,-0.3051826850103768,-0.43879989268936337,1.1742290327616913,-0.3120817634158049
1823,-0.5547808071495465,-0.34878217496510744,-0.23986588851846263,0.37115844926801334,-0.26727956196000896,-0.32375513173963344,0.23005684922815053,-0.5854155129917965,-0.72762548469441,-0.3051826850103768,-0.43879989268936337,-0.6521732703125473,-0.30582064112403123
1827,-0.5673905489756033,-0.34878217496510744,-0.9286094356337163,0.37115844926801334,-0.7337548630352331,-0.32375513173963344,-0.3145480128735928,-0.5854155129917965,-0.72762548469441,-0.3051826850103768,-0.43879989268936337,-0.28641154426869453,-0.3125784821110415
1843,1.31146098310687,-0.8147228411347105,-0.5842376620760895,0.37115844926801334,-3.9602090288055334,-0.32375513173963344,0.5023592802790218,1.1534711211997724,1.3703613295078054,1.1786380233635088,2.272356587141346,-1.4655118453311147,0.5303432350978101
1857,-0.3104670592696946,-0.34878217496510744,-0.5842376620760895,0.37115844926801334,0.587925156677902,-0.32375513173963344,0.1392893722111929,0.5875961487170924,1.3703613295078054,-0.12700736372926066,2.272356587141346,1.441331345859505,-0.24436550454018913
1867,-0.564238113519089,-0.8147228411347105,-0.23986588851846263,0.37115844926801334,-0.7726278047915017,-0.32375513173963344,0.5023592802790218,-0.5854155129917965,-0.72762548469441,-0.3051826850103768,-0.43879989268936337,0.7507154552372303,-0.31214197289072526
1885,-0.5421710653234896,1.5149804897133048,-0.5842376620760895,0.37115844926801334,0.1603227973589465,5.226397391858297,-0.13301305883967837,-0.5854155129917965,-0.72762548469441,-0.3051826850103768,-0.43879989268936337,-0.4644797530005702,-0.30623867827447737
1894,2.644941181212384,-0.8147228411347105,0.10450588503916422,0.37115844926801334,1.0932733995093948,-0.32375513173963344,1.4100340504485924,2.3343421576247185,1.3703613295078054,2.0403055607066114,2.272356587141346,0.6689003323063685,2.970157792014493
1900,-0.5673905489756033,-0.34878217496510744,-0.5842376620760895,0.37115844926801334,0.5101792731653646,-0.32375513173963344,1.4100340504485924,0.11308640616651171,1.3703613295078054,-0.3051826850103768,-0.43879989268936337,1.150165761311438,-0.3106879273333974
1916,-0.5532045894212894,-0.8147228411347105,-0.9286094356337163,0.37115844926801334,0.27694162262775257,-0.32375513173963344,-0.49608296690750725,-0.5854155129917965,-0.72762548469441,-0.3051826850103768,-0.43879989268936337,-0.7388010475334599,-0.31246101869238
1935,-0.5673905489756033,0.11715849120449566,-0.9286094356337163,0.37115844926801334,1.0932733995093948,-0.24558396943543723,-0.04224558182272155,-0.5854155129917965,-0.72762548469441,-0.3051826850103768,-0.43879989268936337,-0.9385262005705637,-0.3121379753453482
1962,-0.5476878273723894,-0.8147228411347105,-0.9286094356337163,0.37115844926801334,0.821162807215514,-0.32375513173963344,-0.49608296690750725,0.18971530869020797,1.3703613295078054,-0.3051826850103768,-0.43879989268936337,0.47158150641429,-0.3105360206090703
1972,2.641000636891741,-0.8147228411347105,1.1376212057120447,0.37115844926801334,-0.6171360377664271,-0.32375513173963344,-3.7637121395179642,1.4452504038861544,1.3703613295078054,-0.3051826850103768,-0.43879989268936337,-0.04096617547610906,1.315303992459458
1986,-0.5563570248778036,1.5149804897133048,0.7932494321544179,-2.6864802042256204,1.0155275159968575,-0.0892416448270448,0.9561966653638075,-0.5854155129917965,-0.72762548469441,-0.3051826850103768,-0.43879989268936337,0.194853884736375,-0.3097290469228658
1999,-0.5602975691984463,1.5149804897133048,0.10450588503916422,0.37115844926801334,-3.9602090288055334,-0.16741280713124101,0.5931267572959786,-0.5854155129917965,-0.72762548469441,-0.3051826850103768,-0.43879989268936337,-1.4655118453311147,-0.31192786739164563
2000,-0.564238113519089,-0.8147228411347105,-0.23986588851846263,0.37115844926801334,-0.3450254454725463,-0.32375513173963344,0.1392893722111929,-0.5854155129917965,-0.72762548469441,-0.3051826850103768,-0.43879989268936337,-1.4655118453311147,-0.31078146231693476
2007,-0.5327137589539469,-0.34878217496510744,-0.9286094356337163,0.37115844926801334,0.19919573911521518,-0.32375513173963344,0.1392893722111929,2.049439827630682,1.3703613295078054,-0.3051826850103768,-0.43879989268936337,0.055286910324904834,-0.29920407831653045
2026,-0.5547808071495465,1.5149804897133048,0.10450588503916422,0.37115844926801334,0.587925156677902,-0.011070482522848585,-0.3145480128735928,-0.5854155129917965,-0.72762548469441,-0.3051826850103768,-0.43879989268936337,-0.7797086089988907,-0.31160971203848714
2027,-0.569754875567989,-0.8147228411347105,-0.23986588851846263,0.37115844926801334,-0.6948819212789644,-0.32375513173963344,-0.26882352327197,-0.5854155129917965,-0.72762548469441,-0.3051826850103768,-0.43879989268936337,-1.4655118453311147,-0.3126194048504462
2059,-0.5051299487094475,-0.8147228411347105,-0.5842376620760895,0.37115844926801334,-0.3061525037162776,-0.32375513173963344,-0.40531548989054966,-0.5854155129917965,-0.72762548469441,-0.29773437239944495,2.272356587141346,2.035694150680766,-0.3078137111530266
2072,-0.5658143312473461,0.11715849120449566,0.7932494321544179,0.37115844926801334,0.5101792731653646,3.74114530807857,0.32082432624510737,-0.5854155129917965,-0.72762548469441,-0.3051826850103768,-0.43879989268936337,-0.13721926127712297,-0.3118192705665218
2117,3.0035307143908763,-0.8147228411347105,1.1376212057120447,0.37115844926801334,-0.46164427074135234,-0.32375513173963344,-0.3145480128735928,3.625244439485012,1.3703613295078054,-0.3051826850103768,-0.43879989268936337,1.3619225500736685,4.685797186666999
2123,1.7993003700024452,-0.8147228411347105,0.4488776585967911,0.37115844926801334,1.5986216423408877,-0.32375513173963344,0.8654291883468499,6.5970704658638875,1.3703613295078054,0.4338067622703181,2.272356587141346,0.9287836639691059,0.0054650723968688265
2134,-0.534289976682204,-0.8147228411347105,0.4488776585967911,-2.6864802042256204,0.3935604478965586,-0.011070482522848585,-0.13301305883967837,-0.5854155129917965,-0.72762548469441,-0.3051826850103768,-0.43879989268936337,-0.9986843791961973,-0.2996310767890777
2137,-0.5681786578397319,-0.8147228411347105,-0.23986588851846263,0.37115844926801334,-0.383898387228815,-0.32375513173963344,0.23005684922815053,-0.5854155129917965,-0.72762548469441,-0.3051826850103768,-0.43879989268936337,-0.8206161704643217,-0.31231057078792984
2141,-0.5689667667038604,0.11715849120449566,-0.5842376620760895,0.37115844926801334,-0.6560089795226958,-0.24558396943543723,-0.5868504439244641,-0.5854155129917965,-0.72762548469441,-0.3051826850103768,-0.43879989268936337,-1.4655118453311147,-0.31250989863111334
2145,-0.5673905489756033,-0.8147228411347105,-0.23986588851846263,0.37115844926801334,-0.46164427074135234,-0.32375513173963344,1.3192665734316356,-0.5854155129917965,-0.72762548469441,-0.3051826850103768,-0.43879989268936337,-0.9938717249061466,-0.31219774906887676
2156,1.4115508088511965,-0.34878217496510744,0.10450588503916422,0.37115844926801334,0.43243338965282724,-0.32375513173963344,0.5931267572959786,1.062105891267673,1.3703613295078054,1.432756924207068,2.272356587141346,-0.0626231197813372,0.30675841918650004
2164,-0.5492640451006465,1.5149804897133048,5.958826035518821,0.37115844926801334,1.4820028170720816,0.14527184208554386,1.0469641423807643,-0.5854155129917965,-0.72762548469441,-0.3051826850103768,-0.43879989268936337,-0.7099251217931557,-0.3078448010675465
2166,0.30819839907122054,-0.8147228411347105,0.7932494321544179,0.37115844926801334,0.5101792731653646,-0.32375513173963344,0.5023592802790218,1.3597797049174163,1.3703613295078054,2.3236335306126485,2.272356587141346,1.2728884457077307,-0.07039519053452634
2202,0.9709979538033346,-0.8147228411347105,0.7932494321544179,0.37115844926801334,0.5490522149216333,-0.32375513173963344,0.4115918032620642,0.36360397210936485,1.3703613295078054,-0.3051826850103768,-0.43879989268936337,0.04084894745475275,-0.058633123726845864
2206,-0.564238113519089,1.5149804897133048,0.10450588503916422,0.37115844926801334,0.6267980984341707,0.14527184208554386,0.23005684922815053,-0.5854155129917965,-0.72762548469441,-0.3051826850103768,-0.43879989268936337,-0.8133971890292456,-0.31090567040931294
2215,-0.4712412675519197,-0.8147228411347105,-0.9286094356337163,0.37115844926801334,-0.7726278047915017,4.835541580337317,-0.22378053585663518,-0.5854155129917965,-0.72762548469441,-0.3051826850103768,-0.43879989268936337,-0.26234827281844103,-0.28037084632541653
2228,-0.5547808071495465,0.11715849120449566,0.10450588503916422,0.37115844926801334,-0.3450254454725463,-0.32375513173963344,-1.2222227830431642,-0.5854155129917965,-0.72762548469441,-0.3051826850103768,-0.43879989268936337,0.5678345922153039,-0.3124884331386386
2247,1.9309145503119138,-0.8147228411347105,-0.5842376620760895,0.37115844926801334,-0.4227713289850837,-0.32375513173963344,-2.2206650302296924,0.0659301584596217,1.3703613295078054,0.9011518672699671,2.272356587141346,0.15153999612591873,0.080273829328404
2251,-0.569754875567989,0.11715849120449566,-0.23986588851846263,0.37115844926801334,-0.6948819212789644,-0.32375513173963344,0.8654291883468499,-0.5854155129917965,-0.72762548469441,-0.3051826850103768,-0.43879989268936337,-1.4655118453311147,-0.3126138727023415
2260,-0.5516283716930322,-0.8147228411347105,-0.23986588851846263,0.37115844926801334,0.04370397209014047,-0.32375513173963344,0.1392893722111929,-0.5854155129917965,-0.72762548469441,-0.3051826850103768,-0.43879989268936337,0.7025889123367233,-0.3110578992107557
2262,-0.1725480080471976,-0.8147228411347105,-0.9286094356337163,0.37115844926801334,0.704543981946708,-0.32375513173963344,-1.9483625991788212,1.5100902444831281,1.3703613295078054,-0.2832758832135183,2.272356587141346,-0.10112435410174275,-0.2875649881299035
2301,-0.32544112768813716,-0.8147228411347105,-0.5842376620760895,0.37115844926801334,-0.3061525037162776,-0.32375513173963344,-0.7683853979583786,1.0208441745241443,1.3703613295078054,-0.21755547782294266,2.272356587141346,1.2416061928224011,-0.30024650932001323
2305,1.7070916328994044,-0.34878217496510744,0.4488776585967911,0.37115844926801334,0.19919573911521518,-0.32375513173963344,1.137731619397722,2.789203463532519,1.3703613295078054,-0.3051826850103768,-0.43879989268936337,-0.27437990854356775,0.32624675603091685
2317,1.2027019598571296,-0.8147228411347105,3.203851847057806,0.37115844926801334,-0.46164427074135234,-0.32375513173963344,-1.4945252140940355,0.8381137146599456,1.3703613295078054,1.0033836089886403,2.272356587141346,-0.44522913584036744,-0.04168387235107356
2356,-0.015714344085615294,-0.8147228411347105,-0.23986588851846263,-2.6864802042256204,-0.07291485317866556,-0.32375513173963344,-2.6745024153144783,-0.5854155129917965,-0.72762548469441,-0.3051826850103768,-0.43879989268936337,-1.4655118453311147,-0.27860612897144166
2413,-0.417649864791178,-0.8147228411347105,-0.9286094356337163,0.37115844926801334,-0.26727956196000896,-0.32375513173963344,-0.04224558182272155,-0.5854155129917965,-0.72762548469441,-0.3051826850103768,-0.43879989268936337,-0.31047481571894797,-0.31251213422521046
2478,-0.5398067387311039,-0.8147228411347105,-0.23986588851846263,0.37115844926801334,-0.46164427074135234,-0.32375513173963344,-2.492967461280564,-0.5854155129917965,-0.72762548469441,-0.3051826850103768,-0.43879989268936337,-1.4655118453311147,-0.30917281974407823
2487,2.637848201435227,1.0490398235437017,0.10450588503916422,0.37115844926801334,1.3653839918032755,-0.32375513173963344,1.4100340504485924,1.9168128809550544,1.3703613295078054,1.9789665156754075,2.272356587141346,1.8961271762692957,3.974344240983785
2489,1.8182149827415306,-0.8147228411347105,-0.5842376620760895,0.37115844926801334,0.6267980984341707,-0.32375513173963344,0.5931267572959786,1.3126234572105262,1.3703613295078054,0.8485755429575066,2.272356587141346,-0.4741050615806716,0.21369433133795282
2523,0.11195929190321051,-0.8147228411347105,1.8263647528272986,0.37115844926801334,1.5208757588283504,-0.32375513173963344,-0.04224558182272155,2.8422542422027703,1.3703613295078054,-0.08903557394803918,2.272356587141346,1.7228716218274707,-0.1500740944780434
2526,-0.5327137589539469,0.11715849120449566,-0.5842376620760895,-2.6864802042256204,-0.7337548630352331,-0.24558396943543723,-0.13301305883967837,-0.5854155129917965,-0.72762548469441,-0.3051826850103768,-0.43879989268936337,-0.16128253272737644,-0.2996538305900152
2540,-0.5673905489756033,-0.8147228411347105,-0.5842376620760895,0.37115844926801334,-0.15066073669120292,-0.32375513173963344,-0.26882352327197,-0.5854155129917965,-0.72762548469441,-0.3051826850103768,-0.43879989268936337,-1.4655118453311147,-0.31200802670202576
2565,-0.555568916013675,-0.8147228411347105,-0.9286094356337163,0.37115844926801334,-3.9602090288055334,-0.32375513173963344,1.9546389125503365,-0.5854155129917965,-0.72762548469441,-0.3051826850103768,-0.43879989268936337,-1.4655118453311147,-0.3049086702981135
2568,-0.5689667667038604,-0.8147228411347105,-0.23986588851846263,0.37115844926801334,-3.9602090288055334,-0.32375513173963344,1.4100340504485924,-0.5854155129917965,-0.72762548469441,-0.3051826850103768,-0.43879989268936337,-1.4655118453311147,-0.3125701081060337
2574,-0.5681786578397319,-0.8147228411347105,-0.9286094356337163,0.37115844926801334,-0.6948819212789644,-0.32375513173963344,-0.22378053585663518,-0.5854155129917965,-0.72762548469441,-0.3051826850103768,-0.43879989268936337,1.3378592786234151,-0.31243475993459535
2577,-0.4089806672857639,-0.34878217496510744,1.1376212057120447,0.37115844926801334,-0.3061525037162776,-0.32375513173963344,1.2284990964146787,-0.5854155129917965,-0.72762548469441,-0.3051826850103768,-0.43879989268936337,2.3220470809387823,-0.2478630725593987
2580,-0.2828832490251952,-0.8147228411347105,1.8263647528272986,0.37115844926801334,-0.15066073669120292,-0.32375513173963344,-0.8591528749753353,-0.5854155129917965,-0.72762548469441,-0.3051826850103768,-0.43879989268936337,-0.28881787141371984,-0.19555242522692898
2586,-0.5658143312473461,1.5149804897133048,-0.23986588851846263,0.37115844926801334,-0.9669925135728452,-0.32375513173963344,1.6823364814994646,-0.5854155129917965,-0.72762548469441,-0.3051826850103768,-0.43879989268936337,-1.4655118453311147,-0.3120412006449413
2590,-0.5689667667038604,-0.8147228411347105,-0.5842376620760895,0.37115844926801334,-0.8503736883040391,-0.32375513173963344,1.3192665734316356,-0.5854155129917965,-0.72762548469441,-0.3051826850103768,-0.43879989268936337,-0.07946740979651462,-0.31209574535176815
2602,-0.5681786578397319,-0.8147228411347105,3.548223620615433,0.37115844926801334,-0.383898387228815,-0.32375513173963344,-2.402199984263607,-0.5854155129917965,-0.72762548469441,-0.3051826850103768,-0.43879989268936337,1.920190447719549,-0.3121829335215553
2629,-0.569754875567989,-0.8147228411347105,-0.9286094356337163,-2.6864802042256204,-0.500517212497621,-0.32375513173963344,-1.4037577370770786,-0.5854155129917965,-0.72762548469441,-0.3051826850103768,-0.43879989268936337,-0.8109908618842202,-0.3124422055996815
2636,1.9151523730293427,-0.8147228411347105,0.10450588503916422,0.37115844926801334,0.3935604478965586,-0.32375513173963344,-0.13301305883967837,-0.5854155129917965,-0.72762548469441,-0.07151013251055234,2.272356587141346,-0.4331975001152407,0.3741398315360798
2642,1.8710182766381436,-0.8147228411347105,0.10450588503916422,0.37115844926801334,0.5101792731653646,-0.32375513173963344,0.5931267572959786,2.2675374732750484,1.3703613295078054,1.5525141073632278,2.272356587141346,0.6472433880011403,0.6403881189337541
2649,-0.5271969969050471,-0.8147228411347105,-0.9286094356337163,0.37115844926801334,-3.9602090288055334,-0.32375513173963344,-0.04224558182272155,0.3135004589207942,1.3703613295078054,-0.3051826850103768,-0.43879989268936337,1.2849200814328574,-0.30813252960612914
2664,-0.562661895790832,-0.8147228411347105,1.4819929792696718,0.37115844926801334,-0.6560089795226958,-0.32375513173963344,-1.4037577370770786,0.5758070867903698,1.3703613295078054,-0.3051826850103768,-0.43879989268936337,1.8865018676891943,-0.312622019358797
2665,-0.5689667667038604,1.5149804897133048,-0.9286094356337163,0.37115844926801334,-0.22840662020374028,-0.24558396943543723,-0.3145480128735928,-0.5854155129917965,-0.72762548469441,0.1387951647392897,2.272356587141346,0.7242458566419514,-0.3124712493772312
2672,-0.5366543032745897,-0.8147228411347105,-0.9286094356337163,0.37115844926801334,0.12144985560267783,-0.32375513173963344,0.774661711329893,-0.5854155129917965,-0.72762548469441,-0.3051826850103768,-0.43879989268936337,-0.4885430244508237,-0.3112485688632411
2674,-0.5666024401114748,1.5149804897133048,-0.5842376620760895,-2.6864802042256204,0.004831030333871797,4.757370418033121,0.5931267572959786,-0.5854155129917965,-0.72762548469441,-0.3051826850103768,-0.43879989268936337,1.0972265641208803,-0.31145810844556304
2709,1.5605033841714933,-0.8147228411347105,-0.9286094356337163,0.37115844926801334,1.7152404676096937,-0.32375513173963344,-0.22378053585663518,0.43139107818801925,1.3703613295078054,4.160883974642519,2.272356587141346,0.0889754903552597,-0.15904344956133404
2721,-0.5421710653234896,1.5149804897133048,-0.23986588851846263,0.37115844926801334,1.4820028170720816,-0.32375513173963344,-0.49608296690750725,-0.5854155129917965,-0.72762548469441,-0.3051826850103768,-0.43879989268936337,0.755528109527281,-0.30537655361864
2744,-0.5571451337419321,-0.8147228411347105,-0.23986588851846263,0.37115844926801334,0.3546875061402899,-0.32375513173963344,1.5915690044825077,-0.5854155129917965,-0.72762548469441,-0.3051826850103768,-0.43879989268936337,-0.5366695673513306,-0.3116603918199258
2746,-0.5374424121387182,-0.8147228411347105,-0.5842376620760895,0.37115844926801334,-0.3061525037162776,-0.32375513173963344,-1.1314553060262067,0.4402328746330611,1.3703613295078054,-0.3051826850103768,-0.43879989268936337,0.06731854605003157,-0.3114539024973465
2748,-0.12762580279187,1.5149804897133048,-0.9286094356337163,0.37115844926801334,-0.07291485317866556,-0.011070482522848585,-0.22378053585663518,-0.5854155129917965,-0.72762548469441,-0.3051826850103768,-0.43879989268936337,-0.317693797154024,-0.2472727620434866
2750,-0.5610856780625749,-0.8147228411347105,-0.5842376620760895,0.37115844926801334,-0.3061525037162776,-0.32375513173963344,1.0469641423807643,-0.5854155129917965,-0.72762548469441,-0.3051826850103768,-0.43879989268936337,-1.4655118453311147,-0.3107845694138155
2758,-0.5681786578397319,1.5149804897133048,-0.9286094356337163,0.37115844926801334,0.08257691384640915,1.239668114344291,0.8654291883468499,-0.5854155129917965,-0.72762548469441,-0.3051826850103768,-0.43879989268936337,0.12747672467566526,-0.31239794841484386
2775,-0.5445353919158752,1.5149804897133048,-0.23986588851846263,0.37115844926801334,0.04370397209014047,-0.32375513173963344,0.048521895194236074,-0.5854155129917965,-0.72762548469441,-0.3051826850103768,-0.43879989268936337,-0.9938717249061466,-0.3083135558908566
2814,-0.5524164805571607,1.5149804897133048,0.10450588503916422,0.37115844926801334,0.8989086907280514,0.14527184208554386,-0.13301305883967837,-0.5854155129917965,-0.72762548469441,-0.3051826850103768,-0.43879989268936337,2.904378250034916,-0.3087052016635293
2841,-0.5666024401114748,0.11715849120449566,-0.9286094356337163,0.37115844926801334,-0.07291485317866556,-0.24558396943543723,-0.04224558182272155,-0.5854155129917965,-0.72762548469441,-0.3051826850103768,-0.43879989268936337,0.6400244065660643,-0.3123766534337833
2844,-0.5405948475952325,1.5149804897133048,-0.9286094356337163,-2.6864802042256204,0.587925156677902,0.06710067978134764,0.774661711329893,-0.5854155129917965,-0.72762548469441,-0.3051826850103768,-0.43879989268936337,0.541364993620025,-0.3074803423925802
2848,-0.5658143312473461,1.5149804897133048,0.7932494321544179,0.37115844926801334,-0.15066073669120292,1.239668114344291,0.4115918032620642,-0.5854155129917965,-0.72762548469441,-0.3051826850103768,-0.43879989268936337,-0.7748959547088401,-0.3120024756082084
2863,-0.5122229284866046,0.5830991573740987,-0.5842376620760895,0.37115844926801334,1.4042569335595443,-0.16741280713124101,-0.40531548989054966,1.7930277307244682,1.3703613295078054,-0.3051826850103768,-0.43879989268936337,0.1756032675761722,-0.30377713760786224
2865,0.7109220286409118,-0.8147228411347105,1.4819929792696718,0.37115844926801334,-0.5782630960101584,-0.32375513173963344,-1.312990260060121,-0.5854155129917965,-0.72762548469441,-0.3051826850103768,-0.43879989268936337,-0.4476354629853928,-0.24442874532913947
2886,2.7994105185815807,-0.8147228411347105,0.10450588503916422,0.37115844926801334,1.054400457753126,-0.32375513173963344,0.048521895194236074,1.1495414339891072,1.3703613295078054,-0.3051826850103768,-0.43879989268936337,0.13710203325576664,2.95661480926849
2894,0.5808840660597003,-0.8147228411347105,0.7932494321544179,0.37115844926801334,0.9766545742405888,-0.32375513173963344,0.4115918032620642,0.7516605939622226,1.3703613295078054,-0.3051826850103768,-0.43879989268936337,-0.2045964213378327,0.014614335967838418
2907,-0.5658143312473461,-0.8147228411347105,-0.23986588851846263,0.37115844926801334,-0.1895336784474716,-0.32375513173963344,1.0469641423807643,-0.5854155129917965,-0.72762548469441,-0.3051826850103768,-0.43879989268936337,-0.4789177158707223,-0.3122356594399641
2910,-0.5492640451006465,1.5149804897133048,0.10450588503916422,0.37115844926801334,1.0155275159968575,-0.011070482522848585,-0.3145480128735928,-0.5854155129917965,-0.72762548469441,-0.3051826850103768,-0.43879989268936337,3.195543834582983,-0.3116225572316892
2915,-0.5673905489756033,-0.34878217496510744,-0.9286094356337163,0.37115844926801334,0.08257691384640915,-0.32375513173963344,1.0469641423807643,-0.5854155129917965,-0.72762548469441,-0.3051826850103768,-0.43879989268936337,0.8830634482136244,-0.31141254400655
2922,1.136500815270331,-0.8147228411347105,1.8263647528272986,0.37115844926801334,0.704543981946708,-0.32375513173963344,0.048521895194236074,2.2940628626101742,1.3703613295078054,0.36370499652037075,2.272356587141346,1.135727798441286,-0.17571469154913233
2928,-0.3616941354380506,0.5830991573740987,0.10450588503916422,0.37115844926801334,1.4820028170720816,-0.16741280713124101,-0.26882352327197,-0.5854155129917965,-0.72762548469441,-0.3051826850103768,-0.43879989268936337,-0.2695672542535171,-0.29342715160390714
2950,-0.0023164933954298705,-0.8147228411347105,0.4488776585967911,0.37115844926801334,-0.03404191142239688,-0.32375513173963344,0.8654291883468499,2.8422542422027703,1.3703613295078054,-0.3051826850103768,-0.43879989268936337,0.3921727106284535,-0.274392090935535
2952,-0.3640584620304363,-0.34878217496510744,0.7932494321544179,0.37115844926801334,0.19919573911521518,-0.32375513173963344,0.5023592802790218,1.8519730403580805,1.3703613295078054,-0.3051826850103768,-0.43879989268936337,1.2223555756621984,-0.2861246213771359
2960,-0.5492640451006465,-0.8147228411347105,-0.9286094356337163,-2.6864802042256204,-0.3061525037162776,-0.32375513173963344,0.5931267572959786,-0.5854155129917965,-0.72762548469441,-0.3051826850103768,-0.43879989268936337,-0.5294505859162546,-0.30789718596312704
2968,-0.5177396905355044,-0.8147228411347105,-0.9286094356337163,0.37115844926801334,-0.15066073669120292,-0.32375513173963344,-0.04224558182272155,-0.5854155129917965,-0.72762548469441,-0.3051826850103768,-0.43879989268936337,-0.17812682274255387,-0.3036601478320179
2977,-0.032264630232314934,-0.8147228411347105,-0.5842376620760895,0.37115844926801334,-0.7726278047915017,-0.32375513173963344,-0.40531548989054966,0.8793754314034743,1.3703613295078054,0.2351850926454673,2.272356587141346,0.7844040352675851,-0.17782115166856138
2980,-0.5587213514701892,1.5149804897133048,-0.5842376620760895,0.37115844926801334,0.08257691384640915,-0.011070482522848585,0.23005684922815053,-0.5854155129917965,-0.72762548469441,-0.3051826850103768,-0.43879989268936337,-0.7700833004187894,-0.31165533331463824
2991,-0.5453235007800038,-0.8147228411347105,-0.5842376620760895,0.37115844926801334,0.19919573911521518,-0.32375513173963344,1.863871435533378,-0.5854155129917965,-0.72762548469441,-0.3051826850103768,-0.43879989268936337,0.026020281037065666,-0.31091432860001106
3001,1.2783604108134707,-0.8147228411347105,-0.9286094356337163,0.37115844926801334,-0.15066073669120292,-0.32375513173963344,-0.22378053585663518,-0.5854155129917965,-0.72762548469441,-0.3051826850103768,-0.43879989268936337,-0.5679518202366601,-0.08071929669495048
3010,-0.5681786578397319,-0.8147228411347105,-0.5842376620760895,-2.6864802042256204,-0.5782630960101584,-0.32375513173963344,-1.0406878290092498,-0.5854155129917965,-0.72762548469441,-0.3051826850103768,-0.43879989268936337,0.026020281037065666,-0.3122376297940836
3014,-0.569754875567989,1.5149804897133048,-0.23986588851846263,0.37115844926801334,0.3935604478965586,-0.32375513173963344,1.5915690044825077,-0.2730053719336502,1.3703613295078054,-0.3051826850103768,-0.43879989268936337,0.026020281037065666,-0.3125939607583071
3024,0.4863110023642738,-0.8147228411347105,0.10450588503916422,0.37115844926801334,-0.500517212497621,-0.32375513173963344,-0.49608296690750725,-0.5854155129917965,-0.72762548469441,-0.3051826850103768,-0.43879989268936337,-0.6593922517476234,-0.12001842641372247
3030,-0.5681786578397319,-0.8147228411347105,-0.23986588851846263,0.37115844926801334,0.004831030333871797,-0.32375513173963344,1.2284990964146787,-0.5854155129917965,-0.72762548469441,-0.3051826850103768,-0.43879989268936337,0.09378814464531039,-0.31222103334976953
3036,-0.5508402628289036,1.5149804897133048,-0.9286094356337163,0.37115844926801334,0.5490522149216333,-0.32375513173963344,-0.3145480128735928,0.3429731137376005,1.3703613295078054,-0.3051826850103768,-0.43879989268936337,0.9672848982895115,-0.3120930929519919
3039,-0.5689667667038604,-0.34878217496510744,-0.23986588851846263,0.37115844926801334,0.004831030333871797,-0.32375513173963344,1.5915690044825077,-0.5854155129917965,-0.72762548469441,-0.3051826850103768,-0.43879989268936337,0.026020281037065666,-0.3124200959529754
3056,-0.5508402628289036,1.5149804897133048,-0.5842376620760895,0.37115844926801334,-0.500517212497621,-0.32375513173963344,0.048521895194236074,-0.1315366288129802,1.3703613295078054,-0.3051826850103768,-0.43879989268936337,-0.39469626579483513,-0.3122501718558826
3077,-0.5618737869267034,1.5149804897133048,2.8594800735001793,0.37115844926801334,-0.4227713289850837,0.14527184208554386,-0.26882352327197,-0.5854155129917965,-0.72762548469441,-0.3051826850103768,-0.43879989268936337,0.026020281037065666,-0.31225007712731917
3079,-0.5666024401114748,-0.8147228411347105,2.1707365263849256,0.37115844926801334,-0.26727956196000896,-0.32375513173963344,1.3192665734316356,-0.5854155129917965,-0.72762548469441,-0.3051826850103768,-0.43879989268936337,-1.22487913082858,-0.31214706928743813
3087,-0.01492623522148674,1.5149804897133048,0.10450588503916422,0.37115844926801334,-0.383898387228815,5.226397391858297,-1.1314553060262067,-0.5854155129917965,-0.72762548469441,-0.3051826850103768,-0.43879989268936337,0.026020281037065666,-0.30534660044688133
3092,1.739404096328675,-0.8147228411347105,-0.9286094356337163,0.37115844926801334,0.004831030333871797,-0.32375513173963344,-1.9483625991788212,-0.5854155129917965,-0.72762548469441,-0.3051826850103768,-0.43879989268936337,0.20207286617145104,0.21392245666442108
3104,-0.5350780855463326,1.5149804897133048,-0.23986588851846263,0.37115844926801334,-0.6171360377664271,-0.32375513173963344,-0.40531548989054966,-0.5854155129917965,-0.72762548469441,-0.3051826850103768,-0.43879989268936337,1.5351781045154935,-0.3088427854290648
3120,1.934066985768428,-0.8147228411347105,1.8263647528272986,0.37115844926801334,-0.07291485317866556,-0.32375513173963344,0.1392893722111929,1.33030705010061,1.3703613295078054,-0.3051826850103768,-0.43879989268936337,0.9167520282439793,0.9059879703689915
3122,-0.5445353919158752,-0.8147228411347105,-0.23986588851846263,0.37115844926801334,-0.26727956196000896,-0.32375513173963344,0.048521895194236074,-0.5854155129917965,-0.72762548469441,-0.3051826850103768,-0.43879989268936337,1.2512315014025026,-0.30255517703095425
3136,-0.5571451337419321,-0.8147228411347105,-0.5842376620760895,-2.6864802042256204,-0.6560089795226958,-0.32375513173963344,-0.13301305883967837,-0.5854155129917965,-0.72762548469441,-0.3051826850103768,-0.43879989268936337,-0.7219567575182824,-0.3114726966443323
3157,-0.4192260825194351,0.5830991573740987,0.10450588503916422,0.37115844926801334,1.676367525853425,-0.16741280713124101,-2.31143250724665,-0.5854155129917965,-0.72762548469441,-0.3051826850103768,-0.43879989268936337,1.2512315014025026,-0.2855199310652941
3159,-0.569754875567989,-0.8147228411347105,-0.23986588851846263,0.37115844926801334,-0.6948819212789644,-0.32375513173963344,0.4115918032620642,-0.5854155129917965,-0.72762548469441,-0.3051826850103768,-0.43879989268936337,0.026020281037065666,-0.3124636142550182
3164,-0.5689667667038604,1.5149804897133048,0.10450588503916422,0.37115844926801334,-0.26727956196000896,0.45795649130232874,0.23005684922815053,-0.5854155129917965,-0.72762548469441,-0.3051826850103768,-0.43879989268936337,-0.6136720359921418,-0.31239366668377655
3174,-0.5658143312473461,-0.8147228411347105,-0.23986588851846263,0.37115844926801334,-1.3945948728918007,-0.32375513173963344,-0.26882352327197,-0.5854155129917965,-0.72762548469441,-0.3051826850103768,-0.43879989268936337,0.026020281037065666,-0.3120130283701752
3179,-0.5532045894212894,-0.8147228411347105,-0.9286094356337163,0.37115844926801334,-3.9602090288055334,-0.32375513173963344,1.3192665734316356,-0.5854155129917965,-0.72762548469441,-0.3051826850103768,-0.43879989268936337,0.026020281037065666,-0.31176446061971735
3207,-0.4956726423399049,-0.8147228411347105,-0.9286094356337163,0.37115844926801334,1.054400457753126,-0.32375513173963344,-0.7683853979583786,0.46675826396818676,1.3703613295078054,-0.05982650488556112,2.272356587141346,0.7266521837869768,-0.3042301674896419
3210,-0.564238113519089,-0.8147228411347105,-0.9286094356337163,0.37115844926801334,0.12144985560267783,-0.32375513173963344,-0.13301305883967837,-0.5854155129917965,-0.72762548469441,-0.3051826850103768,-0.43879989268936337,-0.871149040509854,-0.3119799870472485
3217,-0.5689667667038604,1.5149804897133048,-0.9286094356337163,0.37115844926801334,1.559748700584619,2.0995508996904495,-0.26882352327197,-0.5854155129917965,-0.72762548469441,-0.3051826850103768,-0.43879989268936337,0.026020281037065666,-0.31256656525776116
3233,-0.5681786578397319,1.5149804897133048,-0.9286094356337163,-2.6864802042256204,-0.8892466300603078,-0.0892416448270448,-1.7668276451449068,-0.5854155129917965,-0.72762548469441,-0.3051826850103768,-0.43879989268936337,0.873438139633523,-0.3124762131539553
3242,-0.5618737869267034,-0.8147228411347105,-0.5842376620760895,0.37115844926801334,-0.6948819212789644,5.226397391858297,1.6823364814994646,-0.5854155129917965,-0.72762548469441,-0.3051826850103768,-0.43879989268936337,0.026020281037065666,-0.3104869701589228
3251,-0.47360559414430536,1.5149804897133048,-0.5842376620760895,0.37115844926801334,0.3158145643840212,0.30161416669393626,0.048521895194236074,-0.5854155129917965,-0.72762548469441,-0.3051826850103768,-0.43879989268936337,-0.1805331498875792,-0.28587707669516316
3275,-0.5689667667038604,-0.8147228411347105,-0.23986588851846263,0.37115844926801334,-1.0836113388416513,-0.32375513173963344,-0.3145480128735928,-0.5854155129917965,-0.72762548469441,-0.3051826850103768,-0.43879989268936337,0.026020281037065666,-0.3125318756578307
3279,-0.5059180575735761,-0.8147228411347105,0.7932494321544179,0.37115844926801334,0.1603227973589465,-0.32375513173963344,-0.22378053585663518,0.1705580830592839,1.3703613295078054,-0.29414165690476013,2.272356587141346,0.984129188304689,-0.30546902764226697
3283,-0.5461116096441323,1.0490398235437017,1.4819929792696718,0.37115844926801334,-0.46164427074135234,-0.32375513173963344,-1.67606016812795,0.3429731137376005,1.3703613295078054,-0.3051826850103768,-0.43879989268936337,2.10066498359645,-0.3122014055914254
3288,-0.5681786578397319,1.5149804897133048,1.4819929792696718,-2.6864802042256204,-0.7726278047915017,-0.32375513173963344,-1.7668276451449068,-0.5854155129917965,-0.72762548469441,-0.3051826850103768,-0.43879989268936337,-0.7099251217931557,-0.3125933544955011
3298,-0.5634500046549605,-0.34878217496510744,-0.23986588851846263,0.37115844926801334,-0.5782630960101584,-0.32375513173963344,0.5023592802790218,-0.5854155129917965,-0.72762548469441,-0.3051826850103768,-0.43879989268936337,-1.0684678664019325,-0.31237716496802587
3299,-0.47045315868779114,0.11715849120449566,1.1376212057120447,0.37115844926801334,-0.8503736883040391,1.943208575082057,0.8654291883468499,-0.5854155129917965,-0.72762548469441,-0.3051826850103768,-0.43879989268936337,1.0996328912659057,-0.29516862256841464
3327,-0.5689667667038604,1.5149804897133048,0.10450588503916422,0.37115844926801334,0.12144985560267783,-0.011070482522848585,-0.7683853979583786,-0.5854155129917965,-0.72762548469441,-0.3051826850103768,-0.43879989268936337,2.5362101968460378,-0.3125327471606143
3331,1.875746929822915,-0.34878217496510744,0.10450588503916422,0.37115844926801334,0.19919573911521518,-0.32375513173963344,-0.949920351992293,0.4063393215937339,1.3703613295078054,0.7697110564888159,2.272356587141346,0.0889754903552597,0.1956786826321483
3334,-0.564238113519089,-0.8147228411347105,-0.23986588851846263,0.37115844926801334,-0.46164427074135234,-0.32375513173963344,1.137731619397722,-0.5854155129917965,-0.72762548469441,-0.3051826850103768,-0.43879989268936337,0.026020281037065666,-0.30983627965667615
3341,0.1308739046422958,-0.8147228411347105,-0.5842376620760895,0.37115844926801334,-0.4227713289850837,-0.32375513173963344,-0.40531548989054966,-0.5854155129917965,-0.72762548469441,-0.3051826850103768,-0.43879989268936337,-0.4139468829550379,-0.2689890957542217
3369,-0.3081027326773089,1.5149804897133048,-0.5842376620760895,0.37115844926801334,0.004831030333871797,-0.32375513173963344,-0.13301305883967837,-0.5854155129917965,-0.72762548469441,-0.3051826850103768,-0.43879989268936337,-0.07465475550646393,-0.27634008911404717
3376,1.636949943991963,-0.8147228411347105,-0.9286094356337163,0.37115844926801334,-0.22840662020374028,-0.32375513173963344,-0.22378053585663518,-0.5854155129917965,-0.72762548469441,-0.3051826850103768,-0.43879989268936337,-0.9216819105553863,0.3338132379268481
3401,-0.4988250777964191,-0.8147228411347105,0.7932494321544179,0.37115844926801334,-0.3061525037162776,-0.32375513173963344,-0.6776179209414209,-0.5854155129917965,-0.72762548469441,-0.3051826850103768,-0.43879989268936337,1.1453531070213872,-0.30811642575034487
3404,2.6985325839731256,-0.8147228411347105,-0.9286094356337163,0.37115844926801334,1.2876381082907382,-0.32375513173963344,1.0469641423807643,-0.5854155129917965,-0.72762548469441,-0.3051826850103768,-0.43879989268936337,0.15394632327094407,5.867168070853648
3405,1.4257367684055104,-0.8147228411347105,1.4819929792696718,0.37115844926801334,-0.4227713289850837,-0.32375513173963344,-0.40531548989054966,-0.5854155129917965,-0.72762548469441,-0.3051826850103768,-0.43879989268936337,-0.5126062959010772,-0.047678068496795276
3412,-0.5689667667038604,1.5149804897133048,-0.23986588851846263,0.37115844926801334,-0.8115007465477705,-0.32375513173963344,1.0469641423807643,0.5522289629369249,1.3703613295078054,-0.3051826850103768,-0.43879989268936337,0.026020281037065666,-0.31261283068814366
3415,-0.4696650498236626,0.5830991573740987,-0.5842376620760895,0.37115844926801334,2.1039698851723805,-0.16741280713124101,-1.0406878290092498,-0.5854155129917965,-0.72762548469441,-0.3051826850103768,-0.43879989268936337,-0.2262533656430608,-0.29829309266767245
3419,0.011081357294755553,-0.8147228411347105,-0.23986588851846263,0.37115844926801334,-0.8115007465477705,-0.32375513173963344,2.3177088206181637,-0.5854155129917965,-0.72762548469441,-0.3051826850103768,-0.43879989268936337,-0.5823897831068122,-0.28441130374168183
3426,-0.511434819622476,0.5830991573740987,0.10450588503916422,0.37115844926801334,1.4820028170720816,-0.16741280713124101,-3.037572323382307,-0.5854155129917965,-0.72762548469441,-0.3051826850103768,-0.43879989268936337,1.2006986313569703,-0.31074853466828417
3458,2.050707097659454,1.5149804897133048,0.10450588503916422,0.37115844926801334,0.5101792731653646,-0.32375513173963344,0.23005684922815053,0.8484291438458277,1.3703613295078054,1.0764062816448354,2.272356587141346,-0.19256478561270596,0.6644686881307422
3468,1.179058693933273,-0.8147228411347105,1.4819929792696718,0.37115844926801334,-0.1895336784474716,-0.32375513173963344,-2.1298975532127358,-0.5854155129917965,-0.72762548469441,-0.3051826850103768,-0.43879989268936337,-0.5222316044811786,0.11166842879976455
3475,-0.5563570248778036,1.5149804897133048,-0.9286094356337163,0.37115844926801334,-0.500517212497621,-0.24558396943543723,-0.3145480128735928,-0.5854155129917965,-0.72762548469441,-0.3051826850103768,-0.43879989268936337,0.1491336689808934,-0.31018171683610435
3490,1.8875685627848433,-0.8147228411347105,0.10450588503916422,0.37115844926801334,0.08257691384640915,-0.32375513173963344,-0.8591528749753353,-0.5854155129917965,-0.72762548469441,2.9487076085496793,2.272356587141346,0.06972487319505692,0.31958550028718663
3511,-0.5658143312473461,1.5149804897133048,-0.9286094356337163,0.37115844926801334,-0.07291485317866556,0.6142988159107211,-0.8591528749753353,-0.5854155129917965,-0.72762548469441,-0.3051826850103768,-0.43879989268936337,-1.22487913082858,-0.31215663687234524
3520,1.295698805824299,-0.8147228411347105,-0.9286094356337163,0.37115844926801334,0.7434169237029767,-0.32375513173963344,0.4115918032620642,1.4639164185052227,1.3703613295078054,0.8193664738950286,2.272356587141346,0.026020281037065666,0.024597684539868096
3524,1.997903803762841,-0.8147228411347105,0.10450588503916422,0.37115844926801334,0.3935604478965586,-0.32375513173963344,-0.3145480128735928,1.443776771145314,1.3703613295078054,-0.3051826850103768,-0.43879989268936337,-0.6088593817020911,0.24192238228217697
3551,2.2390651161861785,-0.8147228411347105,1.4819929792696718,0.37115844926801334,0.27694162262775257,-0.32375513173963344,0.048521895194236074,-0.5854155129917965,-0.72762548469441,2.168825464581515,2.272356587141346,0.10100712608038644,1.621573430686419
3564,-0.5666024401114748,0.11715849120449566,-0.23986588851846263,0.37115844926801334,-0.500517212497621,-0.24558396943543723,0.23005684922815053,-0.5854155129917965,-0.72762548469441,-0.3051826850103768,-0.43879989268936337,0.026020281037065666,-0.3123618378864618
3574,2.584256798674485,-0.8147228411347105,1.1376212057120447,0.37115844926801334,-0.4227713289850837,-0.32375513173963344,-1.8575951221618645,0.6995922370209562,1.3703613295078054,0.9420445639574364,2.272356587141346,-0.6906745046329529,0.2248636815242099
3587,2.2745300150719636,-0.8147228411347105,1.1376212057120447,0.37115844926801334,-0.46164427074135234,-0.32375513173963344,-0.6776179209414209,-0.5854155129917965,-0.72762548469441,4.511392803392256,2.272356587141346,0.8229052695879907,0.5403052507973539
3589,2.1965072375232366,-0.8147228411347105,0.10450588503916422,0.37115844926801334,-0.46164427074135234,-0.32375513173963344,-2.1298975532127358,-0.5854155129917965,-0.72762548469441,0.8193664738950286,2.272356587141346,0.01197302171444858,0.5560661133991002
3605,-0.5271969969050471,1.5149804897133048,0.10450588503916422,-2.6864802042256204,-0.11178779493493424,-0.011070482522848585,-2.583734938297521,-0.5854155129917965,-0.72762548469441,-0.3051826850103768,-0.43879989268936337,-1.0708741935469577,-0.30708130779195947
3608,-0.5074942753018332,1.5149804897133048,-0.23986588851846263,0.37115844926801334,0.3158145643840212,-0.32375513173963344,0.23005684922815053,-0.5854155129917965,-0.72762548469441,-0.3051826850103768,-0.43879989268936337,-0.7027061403580797,-0.3102973235749225
3613,-0.5602975691984463,-0.34878217496510744,-0.23986588851846263,-2.6864802042256204,-0.5393901542538897,-0.32375513173963344,-0.22378053585663518,-0.5854155129917965,-0.72762548469441,-0.3051826850103768,-0.43879989268936337,0.6785256408864698,-0.3122867181356565
3625,-0.5563570248778036,-0.8147228411347105,-0.9286094356337163,-2.6864802042256204,-0.22840662020374028,-0.32375513173963344,-0.6776179209414209,-0.5854155129917965,-0.72762548469441,-0.3051826850103768,-0.43879989268936337,-1.1190007364474648,-0.31125074762020016
3637,-0.5689667667038604,-0.8147228411347105,-0.23986588851846263,0.37115844926801334,0.1603227973589465,-0.32375513173963344,-0.49608296690750725,1.2654672095036361,1.3703613295078054,-0.3051826850103768,-0.43879989268936337,0.7122142209168247,-0.31255197705899196
3642,-0.4641482877747627,0.5830991573740987,0.10450588503916422,0.37115844926801334,1.676367525853425,-0.16741280713124101,0.4115918032620642,-0.5854155129917965,-0.72762548469441,-0.3051826850103768,-0.43879989268936337,0.17800959472119757,-0.3047002864042655
3644,-0.19540316510692568,-0.8147228411347105,5.270082488403567,0.37115844926801334,1.0932733995093948,-0.32375513173963344,2.7715462057029496,-0.5854155129917965,-0.72762548469441,-0.3051826850103768,-0.43879989268936337,0.026020281037065666,-0.29776653447495327
3646,1.9876583885291697,-0.8147228411347105,0.10450588503916422,0.37115844926801334,0.27694162262775257,-0.32375513173963344,-0.13301305883967837,0.3213598336368514,1.3703613295078054,0.6762420354888861,2.272356587141346,-0.16128253272737644,0.26594499654405446
3655,1.9064831755239287,-0.8147228411347105,1.4819929792696718,0.37115844926801334,0.08257691384640915,-0.32375513173963344,0.9561966653638075,-0.5854155129917965,-0.72762548469441,4.821008935454524,2.272356587141346,-0.255129291383365,3.012036020547105
3671,-0.5689667667038604,0.11715849120449566,-0.9286094356337163,-2.6864802042256204,0.04370397209014047,-0.24558396943543723,0.4115918032620642,-0.5854155129917965,-0.72762548469441,-0.3051826850103768,-0.43879989268936337,0.026020281037065666,-0.31257590549411607
3709,-0.5673905489756033,1.5149804897133048,-0.5842376620760895,-2.6864802042256204,-0.5782630960101584,-0.32375513173963344,-0.49608296690750725,-0.5854155129917965,-0.72762548469441,-0.3051826850103768,-0.43879989268936337,0.026020281037065666,-0.311818531683727
3710,-0.21825832216665375,-0.8147228411347105,-0.5842376620760895,0.37115844926801334,-0.3450254454725463,-0.32375513173963344,-0.04224558182272155,0.33707858277423924,1.3703613295078054,-0.3051826850103768,-0.43879989268936337,1.068350638380576,-0.23538809752900638
3725,-0.569754875567989,0.11715849120449566,-0.9286094356337163,0.37115844926801334,0.12144985560267783,-0.32375513173963344,-1.67606016812795,1.457039465812877,1.3703613295078054,-0.3051826850103768,-0.43879989268936337,1.5231464687903669,-0.31257427616282496
3743,-0.5681786578397319,1.5149804897133048,-0.9286094356337163,0.37115844926801334,0.5101792731653646,5.148226229554101,-0.13301305883967837,-0.5854155129917965,-0.72762548469441,-0.3051826850103768,-0.43879989268936337,2.1078839650315264,-0.31258723503030306
3758,-0.5618737869267034,-0.8147228411347105,-0.23986588851846263,0.37115844926801334,0.004831030333871797,-0.32375513173963344,1.4100340504485924,-0.5854155129917965,-0.72762548469441,-0.3051826850103768,-0.43879989268936337,-0.9866527434710706,-0.3113965727707546
3760,-0.5658143312473461,1.5149804897133048,-0.9286094356337163,-2.6864802042256204,-0.22840662020374028,1.7086950881694682,0.1392893722111929,-0.5854155129917965,-0.72762548469441,-0.3051826850103768,-0.43879989268936337,-0.5559201845115335,-0.3125292611494798
3766,-0.569754875567989,-0.8147228411347105,2.1707365263849256,-2.6864802042256204,-0.46164427074135234,0.30161416669393626,0.6838942343129363,-0.5854155129917965,-0.72762548469441,-0.3051826850103768,-0.43879989268936337,-1.22487913082858,-0.312520280881666
3815,0.04418192958815483,-0.8147228411347105,5.270082488403567,0.37115844926801334,1.8318592928784996,-0.32375513173963344,1.7731039585164212,-0.5854155129917965,-0.72762548469441,-0.3051826850103768,-0.43879989268936337,0.026020281037065666,-0.2644181015455729
3823,1.645619141497377,-0.8147228411347105,1.8263647528272986,0.37115844926801334,0.704543981946708,-0.32375513173963344,-0.22378053585663518,1.9020765535466513,1.3703613295078054,0.3783095310516098,2.272356587141346,-0.3201001242990494,-0.1632435624984155
3828,-0.2828832490251952,1.0490398235437017,1.1376212057120447,0.37115844926801334,-0.4227713289850837,-0.32375513173963344,-2.0391300761957782,0.36360397210936485,1.3703613295078054,-0.3051826850103768,-0.43879989268936337,-0.1348129341320976,-0.3089140402544819
3835,-0.5689667667038604,1.5149804897133048,-0.23986588851846263,0.37115844926801334,-0.9281195718165764,0.45795649130232874,0.4115918032620642,-0.5854155129917965,-0.72762548469441,-0.3051826850103768,-0.43879989268936337,-0.8133971890292456,-0.3125712259030823
3837,-0.5681786578397319,-0.8147228411347105,-0.23986588851846263,0.37115844926801334,-0.4227713289850837,0.7706411405191136,1.0469641423807643,-0.5854155129917965,-0.72762548469441,-0.3051826850103768,-0.43879989268936337,-0.705112467503105,-0.3122823985131638
3840,2.8561543567988363,-0.8147228411347105,0.10450588503916422,0.37115844926801334,1.209892224778201,-0.32375513173963344,0.9561966653638075,2.103964239041774,1.3703613295078054,-0.3051826850103768,-0.43879989268936337,0.07453752748510761,6.0163443390682305
3849,2.087748214273496,1.5149804897133048,1.4819929792696718,0.37115844926801334,0.587925156677902,-0.32375513173963344,0.5931267572959786,0.9294789445920449,1.3703613295078054,2.9691539568934138,2.272356587141346,0.33442085914784514,2.3045547025059627
3862,-0.5689667667038604,-0.8147228411347105,-0.5842376620760895,0.37115844926801334,-0.46164427074135234,-0.32375513173963344,1.5008015274655508,-0.5854155129917965,-0.72762548469441,-0.3051826850103768,-0.43879989268936337,-0.760457991838688,-0.31219884792021263
3865,-0.5421710653234896,1.5149804897133048,0.4488776585967911,0.37115844926801334,1.0155275159968575,1.0051546274317023,0.6838942343129363,-0.5854155129917965,-0.72762548469441,-0.3051826850103768,-0.43879989268936337,1.2391998656773757,-0.3093021052874566
3885,2.052283315387711,-0.8147228411347105,0.10450588503916422,0.37115844926801334,0.04370397209014047,-0.32375513173963344,-0.5868504439244641,0.9913715197073381,1.3703613295078054,-0.3051826850103768,-0.43879989268936337,0.3897663834834281,0.5428974600443737
3908,-0.5610856780625749,-0.8147228411347105,-0.5842376620760895,0.37115844926801334,0.004831030333871797,-0.32375513173963344,0.1392893722111929,-0.5854155129917965,-0.72762548469441,-0.3051826850103768,-0.43879989268936337,0.15875897756099477,-0.31196706607119573
3923,-0.5689667667038604,1.0490398235437017,-0.23986588851846263,0.37115844926801334,-1.0447383970853825,-0.32375513173963344,-0.49608296690750725,-0.5854155129917965,-0.72762548469441,-0.3051826850103768,-0.43879989268936337,0.026020281037065666,-0.31251760953617713
3925,-0.5650262223832176,0.11715849120449566,-0.5842376620760895,-2.6864802042256204,0.7822898654592454,-0.24558396943543723,-0.49608296690750725,-0.5854155129917965,-0.72762548469441,-0.3051826850103768,-0.43879989268936337,-0.656985924602598,-0.3105023919690503
3926,-0.17491233463958325,-0.8147228411347105,-0.9286094356337163,0.37115844926801334,0.08257691384640915,-0.32375513173963344,1.0469641423807643,-0.5854155129917965,-0.72762548469441,-0.3051826850103768,-0.43879989268936337,-0.7219567575182824,-0.2806746597740707
3932,0.8504172975916658,-0.8147228411347105,0.10450588503916422,0.37115844926801334,-0.26727956196000896,-0.32375513173963344,-0.949920351992293,0.9972660506706993,1.3703613295078054,-0.3051826850103768,-0.43879989268936337,-0.4524481172754435,0.08112600748508049
3936,-0.10477064573214193,-0.8147228411347105,0.10450588503916422,0.37115844926801334,-0.500517212497621,-0.32375513173963344,-0.6776179209414209,-0.5854155129917965,-0.72762548469441,-0.3051826850103768,-0.43879989268936337,0.11544508895053852,-0.2381606699608096
3950,-0.5650262223832176,1.5149804897133048,-0.5842376620760895,-2.6864802042256204,-0.383898387228815,1.239668114344291,-0.3145480128735928,-0.5854155129917965,-0.72762548469441,-0.3051826850103768,-0.43879989268936337,0.20207286617145104,-0.31071011276295424
3954,-0.5666024401114748,-0.8147228411347105,1.4819929792696718,0.37115844926801334,-0.5782630960101584,-0.32375513173963344,-1.9483625991788212,-0.5854155129917965,-0.72762548469441,-0.3051826850103768,-0.43879989268936337,0.5726472465053546,-0.3124634816350294
